ID_Estudiante,Nombre,Carrera,Nota_Math,Nota_Prog,Nota_Redac,Asistencia_%,Horas_Estudio_Semana,Ingreso_Familiar,Fecha_Matricula
U20260016,Diego Gomez,Administración,8.9,7.3,11.8,59.9,10,2148.51,16-03-2026
U20260059,Jorge Mendoza,Psicología,19.4,18.5,19.1,93.0,17,4318.2,17/03/2026
U20260212,Gabriela Torres,Derecho,5.1,5.1,8.2,78.2,3,6707.24,2026-03-19
U20260854,Sofia Ramos,Ingeniería Industrial,,5.3,7.2,44.0,8,7495.42,22/03/2026
U20260368,Mateo Ramos,Psicología,16.7,16.0,18.0,92.9,22,1336.95,03-03-2026
U20260605,Andres Torres,Psicología,16.1,18.3,16.9,97.5,30,2997.93,2026-03-20
U20260172,Gabriela Chavez,Psicología,12.7,10.6,12.4,89.2,8,2945.86,19/03/2026
U20260947,Elena Martinez,Ingeniería de Sistemas,10.9,8.5,11.0,65.7,1,4164.21,08-03-2026
U20260487,Mateo Torres,Psicología,10.8,11.1,11.3,83.1,18,4667.63,2026-03-07
U20260118,Elena Vargas,Ingeniería Industrial,9.7,8.7,9.4,76.6,6,,19/03/2026
U20260145,Juan Lopez,Derecho,9.0,10.1,7.6,59.8,6,1027.58,2026-03-18
U20260984,Sofia Mamani,Psicología,6.0,6.6,8.1,41.5,7,5132.5,
U20260733,Jorge Garcia,Ingeniería de Sistemas,5.5,10.7,11.3,40.2,8,5748.73,
U20260451,Jose Flores,Ingeniería de Sistemas,15.6,10.2,18.8,97.1,34,1620.39,14-03-2026
U20260875,Lucas Lopez,Administración,25.0,10.4,15.7,76.8,18,3750.24,16/03/2026
U20260224,Ana Flores,Administración,5.1,8.3,6.9,68.6,6,3643.36,07/03/2026
U20260405,Maria Rojas,Derecho,10.3,11.3,14.8,79.4,20,6769.75,01-03-2026
U20260906,Sofia Rodriguez,Ingeniería de Sistemas,17.3,19.8,17.2,98.6,30,6482.41,06-03-2026
U20260231,Lucas Perez,Administración,16.8,16.0,17.2,90.1,32,955.77,2026-03-24
U20260427,Carlos Sanchez,Ingeniería de Sistemas,12.9,10.8,11.9,93.4,10,2962.38,03-03-2026
U20260710,Mateo Torres,Derecho,8.3,9.7,9.0,48.1,3,5886.24,08-03-2026
U20260928,Carlos Rojas,Psicología,19.0,17.7,16.3,92.5,30,2864.84,24-03-2026
U20260259,Valeria Rojas,Psicología,,16.8,14.5,90.1,32,3972.56,2026-03-08
U20260304,Jorge Flores,Derecho,14.8,14.2,13.2,81.5,9,1574.52,01-03-2026
U20260987,Jose Rodriguez,Administración,11.0,8.8,8.6,66.0,10,4944.8,02-03-2026
U20260327,Camila Rojas,Administración,12.1,15.1,11.6,81.6,9,3412.64,13-03-2026
U20260819,Mateo Perez,Derecho,18.8,17.0,16.3,93.9,17,5313.18,18-03-2026
U20260758,Maria Garcia,Ingeniería Industrial,11.1,14.8,15.9,83.2,8,4403.2,17/03/2026
U20260553,Carlos Ramirez,Administración,19.3,16.1,15.0,98.8,28,2879.44,02-03-2026
U20260434,Ana Flores,Ingeniería de Sistemas,15.7,18.7,17.8,94.5,16,2360.36,2026-03-06
U20260021,Lucas Martinez,Ingeniería Industrial,10.6,6.8,11.8,43.1,9,2442.78,2026-03-03
U20260475,Mateo Rojas,Psicología,18.3,16.2,19.0,93.6,26,4016.16,21-03-2026
U20260780,Mateo Martinez,Derecho,4.6,7.3,8.5,75.9,7,6716.13,2026-03-04
U20260719,Lucas Diaz,Psicología,10.1,11.8,11.2,76.7,17,3553.9,25/03/2026
U20260431,Luis Martinez,Psicología,14.7,10.2,15.4,82.9,20,2029.23,16-03-2026
U20260874,Jorge Sanchez,Psicología,19.1,18.0,19.3,90.2,29,3876.92,16-03-2026
U20260714,Diego Chavez,Psicología,6.1,9.9,6.8,58.4,10,1090.57,15/03/2026
U20260785,Carlos Martinez,Psicología,13.1,12.1,11.4,93.5,13,950.25,2026-03-23
U20260853,Lucas Sanchez,Ingeniería de Sistemas,9.2,,11.2,40.5,9,6875.9,18/03/2026
U20260407,Maria Gomez,Ingeniería Industrial,5.8,3.8,7.3,76.7,2,5805.11,2026-03-17
U20260095,Mateo Perez,Ingeniería Industrial,15.4,14.3,14.9,,18,2743.06,2026-03-11
U20260694,Jose Diaz,Ingeniería Industrial,6.6,3.8,7.7,74.0,10,4565.95,10/03/2026
U20260608,Juan Garcia,Administración,10.8,15.9,15.9,91.1,18,5237.96,2026-03-07
U20260611,Juan Flores,Ingeniería de Sistemas,18.6,17.4,16.6,97.2,25,5010.62,07/03/2026
U20260527,Lucas Ramirez,Derecho,11.1,15.5,14.4,87.6,14,3835.53,03-03-2026
U20260026,Elena Sanchez,Ingeniería de Sistemas,,18.8,15.1,99.1,33,6884.29,19/03/2026
U20260620,Fernando Rojas,Ingeniería de Sistemas,19.4,17.6,16.8,99.3,19,5859.52,08-03-2026
U20260411,Jorge Rojas,Ingeniería Industrial,15.7,14.9,14.9,92.0,16,1381.62,05-03-2026
U20260331,Isabella Quispe,Administración,10.5,15.3,15.9,78.2,18,7475.81,01-03-2026
U20260753,Gabriela Lopez,Psicología,18.4,19.8,15.4,90.8,20,1312.41,25-03-2026
U20260211,Isabella Rodriguez,Ingeniería Industrial,,7.7,6.1,59.1,3,-797.53325391319,03/03/2026
U20260417,Camila Perez,Derecho,16.6,19.1,14.7,94.3,21,3309.06,2026-03-21
U20260756,Luis Vargas,Ingeniería de Sistemas,19.8,,17.7,94.7,32,5763.4,11-03-2026
U20260492,Jose Mamani,Ingeniería de Sistemas,18.4,16.2,15.6,98.1,22,6831.63,18/03/2026
U20260171,Isabella Sanchez,Ingeniería Industrial,10.6,5.0,7.7,50.6,7,1063.38,2026-03-22
U20260560,Diego Castro,Derecho,10.9,12.1,11.0,80.1,10,4518.83,2026-03-12
U20260569,Carlos Perez,Administración,10.7,11.2,13.7,87.1,8,7394.59,08-03-2026
U20260581,Lucia Mendoza,Ingeniería de Sistemas,13.6,,14.6,80.8,15,2022.01,20/03/2026
U20260270,Valentina Diaz,Ingeniería Industrial,11.9,12.7,11.6,80.4,19,2814.95,2026-03-17
U20260113,Luis Torres,Derecho,14.9,11.8,12.7,90.1,18,5999.67,2026-03-11
U20260176,Sofia Espinoza,Administración,15.6,13.0,11.1,75.4,14,5914.31,15-03-2026
U20260678,Valeria Rodriguez,Derecho,11.4,15.0,13.4,82.2,19,2024.08,15/03/2026
U20260923,Valeria Castro,Ingeniería Industrial,14.6,14.2,11.2,89.8,15,5760.01,16/03/2026
U20260640,Lucia Ramirez,Ingeniería Industrial,11.7,10.1,14.4,83.4,14,,03-03-2026
U20260669,Isabella Espinoza,Ingeniería Industrial,,5.9,11.7,72.3,4,4022.56,03-03-2026
U20260005,Maria Vargas,Psicología,19.2,17.9,19.2,150.5,35,5142.92,2026-03-10
U20260912,Elena Quispe,Psicología,17.3,17.0,,90.8,18,7274.44,2026-03-25
U20260410,Diego Gomez,Ingeniería Industrial,7.9,4.6,9.9,60.9,8,6055.28,02/03/2026
U20260977,Luis Quispe,Ingeniería Industrial,18.2,16.2,17.2,93.4,20,6011.41,08-03-2026
U20260795,Diego Garcia,Ingeniería de Sistemas,13.6,14.7,12.1,86.2,9,4334.12,19-03-2026
U20260513,Luis Garcia,Ingeniería de Sistemas,12.1,14.3,13.2,88.2,8,,2026-03-09
U20260051,Camila Vargas,Ingeniería Industrial,19.3,19.5,16.0,97.0,24,6023.92,04/03/2026
U20260588,Gabriela Ramos,Psicología,17.3,17.5,20.0,91.5,22,7222.16,2026-03-07
U20260744,Andres Espinoza,Ingeniería de Sistemas,8.3,7.7,7.4,70.3,4,6440.52,2026-03-22
U20260395,Jose Mendoza,Ingeniería Industrial,17.3,18.7,15.7,92.6,25,1369.1,23/03/2026
U20260823,Valeria Mendoza,Psicología,17.0,18.0,19.2,93.5,17,6454.2,15/03/2026
U20260670,Valeria Perez,Ingeniería de Sistemas,-5.0,14.3,14.8,88.9,15,969.72,2026-03-20
U20260366,Ana Gomez,Psicología,11.7,12.6,15.0,90.4,12,1886.49,20/03/2026
U20260713,Gabriela Martinez,Administración,11.2,11.3,12.9,89.1,13,6099.08,2026-03-03
U20260328,Camila Ramirez,Derecho,12.9,15.5,15.1,81.4,9,1887.6,2026-03-10
U20260071,Valentina Ramirez,Administración,12.1,14.5,11.7,90.7,17,1844.26,09-03-2026
U20260440,Jose Garcia,Administración,16.0,15.4,14.2,85.4,18,6715.85,02-03-2026
U20260810,Gabriela Sanchez,Ingeniería de Sistemas,6.3,4.9,10.8,59.8,8,6673.61,23-03-2026
U20260324,Ana Sanchez,Ingeniería de Sistemas,8.9,8.6,6.9,66.8,3,7007.92,19-03-2026
U20260817,Camila Rojas,Ingeniería de Sistemas,15.3,15.7,15.9,93.1,13,3063.37,01/03/2026
U20260982,Juan Quispe,Ingeniería de Sistemas,15.4,18.0,16.5,91.3,26,7002.8,06/03/2026
U20260855,Carlos Chavez,Ingeniería de Sistemas,7.4,3.2,8.3,53.7,3,6035.02,14-03-2026
U20260538,Carlos Perez,Ingeniería de Sistemas,15.5,18.2,18.5,99.1,34,5458.42,23/03/2026
U20260857,Lucas Martinez,Ingeniería de Sistemas,5.2,10.5,7.6,68.6,3,1100.39,08/03/2026
U20260926,Ana Ramos,Ingeniería de Sistemas,15.2,12.4,14.9,87.7,11,4044.26,2026-03-11
U20260978,Lucia Gomez,Ingeniería de Sistemas,16.6,17.2,19.1,99.5,33,2759.33,11/03/2026
U20260755,Valeria Chavez,Derecho,4.2,7.5,10.8,70.6,4,5384.54,03-03-2026
U20260386,Camila Garcia,Ingeniería de Sistemas,18.5,16.6,17.7,95.5,34,4145.81,06/03/2026
U20260685,Valentina Rodriguez,Derecho,15.0,17.3,19.6,97.7,28,3776.67,06-03-2026
U20260958,Valeria Lopez,Derecho,5.5,4.2,11.2,63.5,8,6600.03,25-03-2026
U20260377,Luis Diaz,Derecho,10.8,3.5,7.4,67.8,1,1399.76,2026-03-03
U20260696,Jorge Lopez,Ingeniería Industrial,15.0,10.8,15.5,92.2,11,3445.78,01-03-2026
U20260389,Carlos Vargas,Ingeniería Industrial,15.6,19.6,15.8,94.6,22,-861.6286005632538,01/03/2026
U20260901,Ana Chavez,Ingeniería Industrial,12.9,15.6,12.6,76.0,15,6330.76,2026-03-01
U20260789,Elena Castro,Psicología,15.1,16.1,15.6,92.4,27,4044.5,17-03-2026
U20260046,Sofia Garcia,Ingeniería de Sistemas,10.1,7.0,8.9,64.1,3,1763.36,07-03-2026
U20260884,Juan Rojas,Derecho,10.7,13.4,15.1,80.3,20,3305.57,2026-03-10
U20260805,Valentina Quispe,Administración,15.2,17.4,17.5,96.3,15,4539.26,13-03-2026
U20260729,Juan Perez,Administración,15.5,16.7,17.0,99.5,20,1419.14,20/03/2026
U20260741,Elena Mamani,Psicología,12.3,10.5,12.9,81.1,15,2618.92,10/03/2026
U20260930,Luis Martinez,Ingeniería de Sistemas,15.0,18.4,16.4,95.2,31,4096.54,25-03-2026
U20260426,Elena Ramirez,Derecho,11.8,15.2,12.4,85.1,19,7302.66,10/03/2026
U20260841,Jose Mamani,Derecho,10.6,13.7,11.6,83.0,9,2122.63,13-03-2026
U20260478,Diego Perez,Psicología,13.0,15.9,14.5,84.0,17,4600.75,08-03-2026
U20260341,Camila Ramos,Derecho,15.0,12.2,,80.2,8,3601.53,16/03/2026
U20260593,Maria Martinez,Derecho,17.1,17.9,17.3,94.6,32,3924.83,19-03-2026
U20260898,Andres Torres,Psicología,10.4,12.3,13.5,83.7,18,3721.03,2026-03-14
U20260718,Fernando Mamani,Ingeniería de Sistemas,10.7,6.7,9.5,75.8,4,5612.9,12-03-2026
U20260647,Ana Flores,Psicología,16.0,12.5,12.9,91.7,9,3507.15,2026-03-13
U20260604,Andres Rojas,Administración,16.8,16.6,17.8,90.2,22,968.37,21-03-2026
U20260042,Jose Gomez,Administración,18.9,16.7,17.8,93.4,23,1792.85,17-03-2026
U20260533,Diego Ramirez,Derecho,16.0,16.6,15.0,91.0,29,5418.41,2026-03-19
U20260149,Valentina Mendoza,Ingeniería Industrial,15.4,19.6,16.6,94.1,31,5963.38,03/03/2026
U20260833,Jorge Ramos,Ingeniería Industrial,17.9,18.6,17.4,96.2,18,,2026-03-09
U20260761,Ana Martinez,Derecho,16.5,19.7,19.0,91.2,20,5290.4,11-03-2026
U20260852,Jose Flores,Derecho,17.6,17.4,17.5,93.8,27,4071.7,25/03/2026
U20260157,Elena Rodriguez,Psicología,8.8,7.8,11.9,65.0,7,4103.4,07/03/2026
U20260203,Sofia Rodriguez,Ingeniería Industrial,14.8,13.6,15.8,78.8,20,6452.29,06-03-2026
U20260147,Sofia Perez,Administración,10.5,13.8,14.2,79.4,14,6066.24,05-03-2026
U20260122,Gabriela Diaz,Ingeniería de Sistemas,6.7,11.0,9.0,68.7,10,7194.0,12-03-2026
U20260057,Gabriela Quispe,Ingeniería Industrial,15.8,16.2,14.0,97.7,34,1673.6,05-03-2026
U20260697,Carlos Lopez,Ingeniería Industrial,7.6,8.6,11.4,58.2,1,3962.63,22/03/2026
U20260767,Jose Perez,Ingeniería Industrial,19.7,17.2,16.4,90.3,17,5399.05,13-03-2026
U20260812,Diego Quispe,Derecho,15.2,13.3,11.0,80.7,12,6848.74,2026-03-02
U20260320,Jorge Rojas,Psicología,17.1,19.1,17.2,92.8,20,2333.28,2026-03-04
U20260665,Elena Diaz,Derecho,5.3,7.7,10.8,,3,-536.0755034184809,2026-03-05
U20260561,Valeria Espinoza,Ingeniería de Sistemas,6.5,5.7,7.8,51.0,2,2474.83,02-03-2026
U20260676,Mateo Diaz,Ingeniería de Sistemas,10.9,14.4,15.3,77.4,20,6511.97,04/03/2026
U20260933,Valeria Flores,Ingeniería Industrial,19.1,16.5,14.4,90.1,31,5518.24,04-03-2026
U20260333,Luis Torres,Ingeniería Industrial,8.4,4.0,6.2,41.5,10,6518.29,17/03/2026
U20260549,Lucia Rodriguez,Derecho,18.4,17.0,14.7,99.8,24,5199.11,08-03-2026
U20260572,Luis Ramos,Ingeniería Industrial,19.7,16.2,14.4,91.1,18,1552.47,18-03-2026
U20260520,Maria Rojas,Derecho,10.5,12.1,11.1,87.0,8,5930.99,01-03-2026
U20260084,Diego Rojas,Psicología,9.2,8.1,9.0,70.6,2,4066.27,15-03-2026
U20260707,Fernando Torres,Administración,19.0,16.7,17.0,92.9,15,5323.91,02-03-2026
U20260154,Lucas Rojas,Derecho,6.3,4.2,7.6,53.7,8,3737.88,01/03/2026
U20260454,Sofia Espinoza,Psicología,19.5,16.2,14.9,96.7,24,3121.05,04-03-2026
U20260894,Sofia Perez,Psicología,10.7,,,,6,7229.64,2026-03-25
U20260838,Isabella Sanchez,Psicología,4.5,3.5,10.6,,10,6183.12,16-03-2026
U20260329,Mateo Rodriguez,Derecho,17.0,19.5,16.6,97.2,34,2163.52,2026-03-08
U20260235,Andres Quispe,Ingeniería Industrial,8.7,4.7,7.3,59.1,9,1169.29,24-03-2026
U20260243,Valentina Martinez,Derecho,6.7,6.6,8.1,76.8,3,5887.37,13-03-2026
U20260267,Carlos Mendoza,Ingeniería Industrial,19.1,18.0,15.2,98.2,22,5919.23,25-03-2026
U20260275,Jose Sanchez,Administración,,10.1,7.6,43.9,7,7026.2,2026-03-15
U20260032,Ana Chavez,Psicología,19.4,17.1,16.1,92.0,30,4616.32,21-03-2026
U20260064,Andres Castro,Derecho,13.5,12.7,14.7,87.1,19,5745.32,14/03/2026
U20260311,Jorge Ramirez,Ingeniería de Sistemas,16.8,19.6,19.7,93.4,22,5255.64,22/03/2026
U20260911,Jorge Castro,Ingeniería Industrial,,14.5,15.8,77.5,10,1204.93,08/03/2026
U20260402,Sofia Ramirez,Ingeniería Industrial,7.5,5.4,6.9,54.7,1,5023.63,15-03-2026
U20260030,Fernando Ramos,Ingeniería de Sistemas,16.3,18.9,17.6,,29,3983.89,2026-03-22
U20260362,Ana Ramos,Derecho,5.5,,9.7,73.8,1,991.94,2026-03-22
U20260620,Fernando Rojas,Ingeniería de Sistemas,19.4,6.6,16.8,99.3,19,5859.52,08-03-2026
U20260342,Carlos Espinoza,Ingeniería Industrial,18.5,19.6,15.6,94.0,35,2142.84,18-03-2026
U20260648,Isabella Flores,Ingeniería Industrial,8.0,10.8,8.2,61.2,6,3451.59,07-03-2026
U20260375,Valeria Vargas,Administración,17.8,18.4,16.3,97.0,28,1354.3,2026-03-20
U20260485,Gabriela Espinoza,Ingeniería Industrial,7.0,10.4,8.0,150.5,3,3296.81,25-03-2026
U20260524,Juan Ramirez,Administración,10.2,14.5,12.8,90.9,11,3056.6,14-03-2026
U20260369,Valeria Ramirez,Administración,17.7,19.0,19.0,90.8,31,4689.05,20/03/2026
U20260909,Jose Vargas,Psicología,9.0,9.4,12.0,42.2,10,4262.81,2026-03-13
U20260365,Maria Perez,Ingeniería Industrial,14.2,11.2,14.2,,18,1754.18,16/03/2026
U20260189,Sofia Perez,Psicología,6.8,9.4,7.3,70.8,8,2266.18,13/03/2026
U20260738,Jorge Sanchez,Administración,11.0,7.1,6.5,73.5,3,3213.14,
U20260919,Elena Castro,Administración,18.6,19.7,18.3,91.4,30,2625.97,2026-03-24
U20260660,Andres Espinoza,Administración,25.0,10.6,15.1,84.4,9,3171.25,12/03/2026
U20260864,Diego Lopez,Ingeniería Industrial,15.9,14.5,12.3,80.0,19,4173.94,2026-03-21
U20260283,Maria Gomez,Derecho,10.8,14.7,15.6,77.2,12,1375.47,2026-03-18
U20260746,Camila Ramos,Administración,17.2,17.5,20.0,-15.0,29,2104.87,02/03/2026
U20260693,Maria Diaz,Derecho,10.4,10.8,13.2,75.9,15,4369.19,2026-03-14
U20260916,Sofia Flores,Psicología,17.5,18.6,,94.5,24,2197.08,2026-03-04
U20260639,Diego Garcia,Administración,19.1,17.1,15.5,92.7,21,7257.83,18/03/2026
U20260469,Sofia Rojas,Ingeniería Industrial,19.7,,16.9,92.9,16,6266.26,01-03-2026
U20260545,Isabella Rodriguez,Derecho,13.9,12.9,14.8,87.7,16,-1305.1987473869308,
U20260975,Luis Perez,Derecho,18.1,17.3,15.4,94.2,31,3475.19,19/03/2026
U20260290,Fernando Flores,Ingeniería Industrial,16.6,17.3,16.4,,32,,24/03/2026
U20260941,Gabriela Ramirez,Psicología,10.1,15.6,11.5,75.1,16,1225.78,23-03-2026
U20260940,Luis Ramos,Ingeniería de Sistemas,16.0,11.4,15.7,93.6,9,7086.39,2026-03-06
U20260584,Mateo Lopez,Psicología,13.9,15.9,15.0,76.0,9,,
U20260879,Sofia Torres,Derecho,14.1,14.1,11.1,83.0,8,2335.83,2026-03-02
U20260465,Lucia Garcia,Administración,8.0,9.3,7.4,50.3,4,2141.38,2026-03-23
U20260944,Elena Quispe,Ingeniería de Sistemas,10.2,6.6,9.0,56.2,7,5675.29,21/03/2026
U20260390,Jorge Diaz,Psicología,6.2,3.4,8.4,,7,2156.04,01-03-2026
U20260628,Camila Gomez,Derecho,9.8,8.5,6.2,50.9,2,6575.99,09/03/2026
U20260048,Gabriela Diaz,Ingeniería de Sistemas,4.4,5.9,10.0,46.9,4,1652.54,2026-03-08
U20260205,Isabella Torres,Derecho,16.0,16.6,18.8,95.3,30,5829.45,2026-03-07
U20260255,Jorge Martinez,Administración,9.8,6.8,8.5,66.4,5,2653.16,11-03-2026
U20260876,Lucas Lopez,Psicología,8.8,,8.5,74.9,10,2846.12,02/03/2026
U20260979,Lucas Mendoza,Psicología,8.2,6.0,11.5,61.4,9,4602.5,2026-03-21
U20260949,Maria Vargas,Ingeniería Industrial,16.8,18.7,14.5,93.9,31,3331.44,2026-03-16
U20260900,Mateo Torres,Administración,10.4,12.7,15.4,80.1,9,3807.9,2026-03-16
U20260686,Carlos Torres,Derecho,19.0,16.3,16.5,98.9,15,4175.08,16-03-2026
U20260510,Jose Flores,Derecho,18.6,17.7,19.9,94.0,22,4907.62,21-03-2026
U20260542,Juan Sanchez,Administración,15.8,17.1,17.3,96.6,27,5668.8,2026-03-01
U20260178,Diego Garcia,Ingeniería Industrial,9.1,11.0,10.5,45.3,10,2836.9,2026-03-01
U20260279,Lucia Martinez,Derecho,16.4,16.5,19.9,97.5,28,5095.86,06-03-2026
U20260385,Fernando Garcia,Ingeniería Industrial,7.5,7.7,11.4,51.8,2,2044.36,2026-03-21
U20260050,Gabriela Mamani,Ingeniería de Sistemas,16.7,16.1,15.5,93.3,27,1770.18,07/03/2026
U20260939,Jorge Garcia,Administración,13.1,11.7,12.7,93.0,18,3510.62,04/03/2026
U20260791,Jose Garcia,Ingeniería de Sistemas,11.0,10.5,13.6,83.4,8,7117.94,17/03/2026
U20260022,Gabriela Rodriguez,Derecho,16.0,19.4,17.4,95.0,33,,21-03-2026
U20260668,Jose Vargas,Ingeniería de Sistemas,17.2,17.6,17.8,91.3,34,1912.01,2026-03-02
U20260559,Jose Perez,Ingeniería de Sistemas,17.9,18.3,17.3,93.1,21,6603.52,14/03/2026
U20260547,Diego Diaz,Ingeniería de Sistemas,16.2,16.4,16.6,91.1,27,2506.37,2026-03-21
U20260017,Luis Martinez,Ingeniería de Sistemas,18.6,16.5,19.3,,32,6466.19,2026-03-05
U20260525,Valeria Flores,Psicología,15.5,,14.6,86.6,11,6891.15,08/03/2026
U20260230,Lucas Rodriguez,Ingeniería Industrial,5.9,3.5,11.3,50.9,8,2022.42,02/03/2026
U20260936,Ana Martinez,Psicología,9.3,6.5,8.8,43.9,9,5520.3,2026-03-22
U20260642,Valeria Mendoza,Administración,10.6,9.7,11.3,45.5,3,3561.48,02-03-2026
U20260054,Jorge Martinez,Ingeniería de Sistemas,9.6,10.9,6.6,76.1,4,5531.7,22-03-2026
U20260449,Lucas Garcia,Derecho,4.0,3.8,8.2,45.3,6,1430.28,19/03/2026
U20260944,Elena Quispe,Ingeniería de Sistemas,10.2,6.0,9.0,56.2,7,5675.29,21/03/2026
U20260925,Jorge Rojas,Ingeniería de Sistemas,,19.8,16.5,99.2,27,4874.56,20/03/2026
U20260943,Lucas Torres,Psicología,15.7,14.7,13.6,-15.0,16,4383.35,21/03/2026
U20260322,Lucia Vargas,Ingeniería de Sistemas,19.8,17.7,14.1,91.6,26,1727.84,14-03-2026
U20260624,Diego Gomez,Ingeniería Industrial,19.2,19.2,19.5,94.9,32,2575.94,20-03-2026
U20260481,Carlos Flores,Ingeniería de Sistemas,7.3,9.9,7.4,64.3,4,2945.48,2026-03-01
U20260749,Luis Garcia,Ingeniería Industrial,15.2,10.5,16.0,90.5,15,4560.5,08-03-2026
U20260420,Carlos Ramos,Psicología,18.6,18.5,14.5,94.0,33,6314.66,06/03/2026
U20260401,Diego Ramos,Ingeniería de Sistemas,9.2,4.2,10.1,53.4,6,3405.32,2026-03-20
U20260924,Andres Ramirez,Administración,5.6,3.2,8.7,57.2,9,3393.06,2026-03-02
U20260815,Sofia Rojas,Ingeniería de Sistemas,4.5,6.9,7.0,57.2,5,6528.72,09/03/2026
U20260336,Lucas Ramos,Ingeniería Industrial,6.5,5.6,8.1,78.7,1,3249.55,24-03-2026
U20260418,Juan Rojas,Ingeniería de Sistemas,16.4,19.5,15.2,95.5,27,6252.0,14/03/2026
U20260621,Camila Mamani,Ingeniería de Sistemas,14.9,11.9,13.7,93.7,19,2537.96,2026-03-18
U20260596,Gabriela Ramos,Administración,16.5,18.0,16.9,90.8,31,7141.32,12/03/2026
U20260664,Mateo Mendoza,Ingeniería Industrial,16.1,16.5,15.7,94.0,24,7432.85,2026-03-07
U20260439,Diego Garcia,Derecho,10.4,12.7,15.9,79.7,15,5983.75,2026-03-11
U20260226,Juan Garcia,Ingeniería Industrial,,17.3,17.8,98.0,25,6093.56,13/03/2026
U20260294,Diego Torres,Psicología,9.6,10.1,10.7,58.6,1,3251.5,2026-03-08
U20260181,Maria Martinez,Psicología,10.6,6.3,11.0,120.0,7,4094.7,01-03-2026
U20260370,Camila Mamani,Ingeniería de Sistemas,8.6,8.1,,40.4,6,4445.12,22-03-2026
U20260309,Luis Flores,Derecho,12.7,15.5,15.1,80.9,12,3456.05,11/03/2026
U20260049,Andres Diaz,Ingeniería de Sistemas,7.7,9.6,9.5,64.7,3,5804.72,
U20260471,Sofia Mendoza,Ingeniería Industrial,10.8,10.3,7.3,49.9,8,2521.27,2026-03-07
U20260187,Juan Gomez,Psicología,16.3,18.1,17.0,94.7,34,4226.04,2026-03-03
U20260055,Luis Garcia,Psicología,11.2,15.4,15.4,,14,,2026-03-10
U20260314,Carlos Vargas,Derecho,15.1,10.2,12.5,81.5,15,2974.25,2026-03-12
U20260246,Jose Perez,Ingeniería de Sistemas,13.3,15.1,11.4,87.6,11,6961.88,19-03-2026
U20260754,Valeria Rojas,Psicología,16.6,19.3,15.0,98.7,27,2961.18,2026-03-06
U20260698,Elena Lopez,Derecho,8.6,9.6,6.7,54.5,6,4162.4,24-03-2026
U20260862,Fernando Martinez,Ingeniería Industrial,18.0,19.1,15.7,99.0,17,4268.88,09/03/2026
U20260659,Diego Ramirez,Ingeniería de Sistemas,4.3,8.2,7.2,67.6,7,5709.81,13/03/2026
U20260969,Isabella Castro,Psicología,10.8,10.4,14.7,88.8,12,4871.31,2026-03-24
U20260615,Isabella Quispe,Psicología,19.2,18.3,14.1,98.5,25,4338.47,21/03/2026
U20260128,Lucas Rodriguez,Psicología,9.6,3.9,8.5,71.8,10,4718.4,02-03-2026
U20260606,Gabriela Perez,Administración,15.6,11.4,13.9,85.1,10,4581.66,2026-03-01
U20260096,Jorge Quispe,Derecho,16.5,18.1,17.3,99.0,27,2870.26,25/03/2026
U20260330,Mateo Mendoza,Ingeniería de Sistemas,19.5,18.9,17.4,96.1,32,1671.42,2026-03-10
U20260308,Valentina Chavez,Derecho,8.1,3.8,6.2,,7,2882.52,17/03/2026
U20260742,Andres Ramirez,Derecho,9.0,10.9,10.6,78.2,2,5766.95,2026-03-08
U20260643,Valeria Espinoza,Derecho,16.2,17.8,19.2,92.8,18,,2026-03-22
U20260595,Maria Torres,Ingeniería Industrial,17.0,18.1,16.3,98.4,33,6906.85,25-03-2026
U20260813,Diego Flores,Administración,17.3,18.9,16.3,94.2,22,2467.85,02-03-2026
U20260121,Lucia Martinez,Ingeniería Industrial,11.5,11.1,12.8,91.1,12,6814.87,11-03-2026
U20260029,Jose Lopez,Derecho,19.9,16.8,16.6,99.6,25,3055.22,14/03/2026
U20260722,Juan Martinez,Ingeniería Industrial,,10.7,14.0,-15.0,12,2242.21,20/03/2026
U20260617,Camila Flores,Psicología,18.5,16.8,14.7,94.5,34,1781.45,17-03-2026
U20260312,Valentina Castro,Administración,15.0,14.2,15.0,80.6,15,1515.85,01/03/2026
U20260626,Diego Rojas,Psicología,12.1,13.1,13.3,78.7,15,4229.62,03/03/2026
U20260088,Isabella Diaz,Ingeniería Industrial,6.5,10.6,9.5,-15.0,7,2573.54,24-03-2026
U20260340,Juan Gomez,Ingeniería de Sistemas,18.4,18.0,16.9,,21,7218.78,04/03/2026
U20260585,Luis Castro,Ingeniería de Sistemas,10.0,13.3,13.3,75.6,15,5364.52,18-03-2026
U20260865,Gabriela Castro,Ingeniería de Sistemas,12.6,12.1,11.9,77.5,8,4575.74,05/03/2026
U20260252,Lucas Flores,Psicología,18.5,19.6,18.5,99.0,19,3848.28,15-03-2026
U20260428,Isabella Ramirez,Administración,15.0,12.2,14.0,89.2,20,7020.11,2026-03-17
U20260107,Juan Vargas,Ingeniería de Sistemas,15.4,16.4,14.4,90.1,28,5017.35,16-03-2026
U20260577,Diego Ramirez,Ingeniería Industrial,12.7,,14.9,75.6,14,1142.56,10/03/2026
U20260306,Ana Mendoza,Ingeniería de Sistemas,7.7,3.5,11.4,67.2,1,4042.95,18/03/2026
U20260274,Sofia Castro,Ingeniería Industrial,9.0,9.8,10.0,73.3,10,,11/03/2026
U20260183,Jose Sanchez,Psicología,9.2,9.0,11.4,40.7,3,7194.28,2026-03-18
U20260037,Mateo Lopez,Ingeniería de Sistemas,17.5,16.9,16.9,,31,5317.22,07-03-2026
U20260752,Ana Mendoza,Administración,4.7,5.8,8.2,79.5,1,2311.94,03-03-2026
U20260103,Jose Diaz,Ingeniería Industrial,7.0,7.2,9.4,43.9,5,-753.4728980340426,09/03/2026
U20260528,Andres Mamani,Psicología,,18.8,18.7,97.5,28,7204.12,
U20260715,Carlos Quispe,Administración,19.8,17.2,18.4,90.1,25,,2026-03-09
U20260278,Carlos Quispe,Administración,18.3,16.0,16.9,91.4,29,4491.11,06/03/2026
U20260772,Camila Gomez,Administración,15.7,18.5,19.9,93.0,32,,2026-03-22
U20260739,Elena Vargas,Psicología,13.9,,14.9,88.2,10,5027.59,2026-03-18
U20260927,Mateo Martinez,Ingeniería de Sistemas,17.4,18.6,19.2,96.2,19,3222.25,2026-03-14
U20260960,Sofia Rojas,Psicología,18.9,17.5,15.5,92.6,34,6528.86,07-03-2026
U20260315,Andres Ramirez,Psicología,19.2,19.6,16.3,90.2,26,1323.55,18/03/2026
U20260507,Lucas Chavez,Psicología,,18.9,14.7,92.6,23,1967.51,25/03/2026
U20260498,Camila Diaz,Derecho,,7.6,11.2,56.8,3,4675.44,25-03-2026
U20260856,Isabella Mendoza,Administración,13.6,11.8,14.1,75.8,8,2828.84,24-03-2026
U20260942,Lucas Mendoza,Ingeniería Industrial,17.9,19.5,14.9,92.5,31,6997.12,13-03-2026
U20260222,Elena Torres,Ingeniería Industrial,12.6,13.9,15.7,94.7,12,4553.16,11-03-2026
U20260709,Andres Vargas,Ingeniería de Sistemas,14.2,14.5,15.2,92.5,13,2913.6,18/03/2026
U20260091,Maria Ramirez,Psicología,18.6,16.3,16.4,94.8,19,2088.09,2026-03-19
U20260236,Gabriela Gomez,Ingeniería Industrial,10.4,14.8,13.4,78.5,12,2480.81,2026-03-07
U20260326,Valentina Mendoza,Derecho,17.5,17.8,16.6,92.0,24,7480.14,01-03-2026
U20260655,Andres Diaz,Ingeniería Industrial,4.9,8.6,10.8,71.6,5,2871.4,2026-03-03
U20260834,Gabriela Diaz,Administración,,5.7,10.4,50.1,2,4440.05,18/03/2026
U20260210,Carlos Chavez,Ingeniería Industrial,4.3,4.7,7.8,52.9,8,2351.44,02/03/2026
U20260153,Jorge Garcia,Psicología,4.8,7.5,6.0,69.5,1,1786.82,
U20260674,Valentina Castro,Derecho,9.2,5.5,10.9,55.5,4,4545.35,2026-03-02
U20260762,Isabella Castro,Derecho,10.5,12.7,11.3,76.1,14,2534.83,07/03/2026
U20260347,Andres Torres,Ingeniería de Sistemas,14.5,12.6,15.8,94.4,9,4968.5,09-03-2026
U20260890,Elena Quispe,Ingeniería Industrial,16.7,18.4,14.5,92.2,28,3938.46,23/03/2026
U20260217,Diego Martinez,Derecho,16.0,17.4,19.9,94.4,19,1216.62,14/03/2026
U20260397,Mateo Castro,Ingeniería Industrial,17.7,17.6,17.4,94.2,31,3927.64,20-03-2026
U20260344,Valeria Gomez,Ingeniería Industrial,6.5,9.9,9.0,54.5,1,4653.49,
U20260597,Sofia Martinez,Derecho,19.7,18.6,15.8,94.7,28,1740.45,11/03/2026
U20260097,Mateo Vargas,Ingeniería Industrial,,17.3,17.8,93.6,31,2940.18,05-03-2026
U20260281,Elena Flores,Derecho,7.0,10.8,8.3,63.6,3,1128.03,10/03/2026
U20260413,Valeria Quispe,Administración,15.3,10.4,15.1,82.4,12,,2026-03-23
U20260848,Fernando Mendoza,Ingeniería Industrial,15.3,16.4,18.2,97.1,31,5825.32,14-03-2026
U20260842,Carlos Espinoza,Ingeniería Industrial,10.0,8.2,8.5,46.7,7,4232.34,21-03-2026
U20260261,Mateo Garcia,Derecho,4.2,6.4,9.8,59.2,1,6252.59,13-03-2026
U20260352,Lucia Quispe,Ingeniería de Sistemas,17.5,19.5,,96.8,25,6169.47,19/03/2026
U20260808,Carlos Martinez,Administración,12.3,15.4,14.9,83.5,8,4095.9,13/03/2026
U20260998,Mateo Perez,Administración,10.7,15.3,14.7,89.0,11,2134.94,02-03-2026
U20260272,Maria Ramos,Derecho,14.5,15.0,,89.8,8,4058.85,08/03/2026
U20260711,Diego Torres,Derecho,4.8,9.7,9.3,46.6,3,3373.63,2026-03-18
U20260083,Valeria Quispe,Ingeniería Industrial,14.9,15.8,15.2,80.1,20,4009.64,2026-03-19
U20260886,Elena Martinez,Administración,18.5,19.1,17.9,97.4,29,5679.2,2026-03-06
U20260059,Jorge Mendoza,Psicología,19.4,14.1,19.1,93.0,17,4318.2,17/03/2026
U20260337,Fernando Martinez,Derecho,10.4,6.3,8.6,69.3,7,4949.59,2026-03-14
U20260388,Valentina Gomez,Administración,19.2,17.6,17.1,93.2,34,5576.42,23-03-2026
U20260918,Fernando Rojas,Ingeniería Industrial,16.8,18.1,14.1,120.0,18,2045.5,2026-03-22
U20260523,Valentina Perez,Derecho,18.4,17.3,15.5,95.5,19,4123.47,20-03-2026
U20260207,Lucia Garcia,Ingeniería Industrial,,6.5,6.8,41.6,3,4835.5,2026-03-08
U20260437,Jose Perez,Administración,11.4,14.0,13.3,87.0,14,5175.21,18/03/2026
U20260562,Fernando Chavez,Derecho,15.0,19.7,18.8,95.1,25,,08-03-2026
U20260006,Sofia Ramirez,Ingeniería de Sistemas,15.2,11.1,14.8,75.5,17,6364.89,03/03/2026
U20260888,Juan Ramirez,Administración,17.7,19.7,18.9,94.2,24,3860.23,21/03/2026
U20260963,Jose Quispe,Ingeniería de Sistemas,12.3,13.2,14.1,85.1,20,6447.18,2026-03-03
U20260087,Jorge Chavez,Ingeniería de Sistemas,4.1,4.1,8.0,49.5,6,6973.54,2026-03-18
U20260200,Diego Lopez,Administración,18.4,16.6,14.6,90.8,16,4039.98,
U20260619,Sofia Espinoza,Psicología,15.5,16.2,17.0,93.6,22,1895.33,05/03/2026
U20260265,Jose Flores,Ingeniería de Sistemas,13.8,15.7,12.9,76.6,11,,2026-03-21
U20260174,Elena Garcia,Ingeniería Industrial,5.0,7.6,,41.0,8,4104.58,2026-03-14
U20260155,Ana Sanchez,Derecho,9.1,8.3,10.9,46.9,5,6399.62,19-03-2026
U20260245,Lucia Lopez,Ingeniería de Sistemas,17.5,16.4,17.8,99.4,24,3797.13,20/03/2026
U20260346,Carlos Castro,Ingeniería Industrial,17.1,17.2,16.2,99.7,24,4332.2,2026-03-20
U20260371,Carlos Mendoza,Psicología,,12.5,13.1,85.2,10,6871.17,2026-03-02
U20260455,Elena Lopez,Ingeniería de Sistemas,15.5,10.3,11.7,81.8,14,6206.55,15/03/2026
U20260730,Elena Chavez,Administración,25.0,17.0,18.3,98.3,34,3442.28,2026-03-06
U20260169,Elena Flores,Psicología,14.4,10.3,15.0,,14,1899.03,11-03-2026
U20260062,Valentina Chavez,Ingeniería de Sistemas,16.5,16.1,15.0,96.1,29,7476.76,03-03-2026
U20260248,Andres Ramirez,Psicología,16.8,17.8,18.7,97.7,17,7052.93,08/03/2026
U20260101,Carlos Mamani,Ingeniería de Sistemas,,14.1,15.6,87.0,15,1023.54,05-03-2026
U20260403,Ana Quispe,Ingeniería de Sistemas,17.1,18.2,16.2,93.4,28,4739.98,2026-03-25
U20260529,Jose Gomez,Psicología,13.2,12.8,13.7,85.9,20,,08/03/2026
U20260567,Andres Garcia,Administración,12.0,15.9,,82.1,16,1698.1,2026-03-06
U20260277,Valentina Diaz,Ingeniería de Sistemas,4.8,4.1,10.4,44.0,4,1254.11,12/03/2026
U20260360,Fernando Ramirez,Psicología,10.7,14.5,11.3,,19,3748.58,13/03/2026
U20260851,Maria Diaz,Administración,,14.1,11.3,87.4,11,5113.83,02/03/2026
U20260845,Lucas Sanchez,Administración,7.6,8.7,6.9,40.0,3,1079.82,08/03/2026
U20260353,Lucia Quispe,Ingeniería de Sistemas,,9.6,11.6,66.8,5,975.83,24-03-2026
U20260675,Valeria Chavez,Ingeniería Industrial,5.7,3.2,9.0,64.5,5,4176.84,2026-03-25
U20260828,Jorge Mendoza,Administración,17.8,18.0,14.6,96.3,29,3426.25,02/03/2026
U20260489,Fernando Quispe,Ingeniería Industrial,19.4,17.5,14.2,93.8,34,,2026-03-22
U20260295,Luis Rodriguez,Administración,10.6,12.2,13.6,93.5,14,5916.31,2026-03-25
U20260297,Maria Espinoza,Ingeniería Industrial,13.2,13.9,12.9,92.6,14,4132.37,10/03/2026
U20260976,Jose Perez,Psicología,10.8,12.4,15.7,90.8,16,6877.12,15-03-2026
U20260282,Sofia Quispe,Ingeniería de Sistemas,8.9,10.3,,52.7,4,2805.51,14-03-2026
U20260251,Andres Chavez,Administración,10.1,10.1,13.1,81.9,20,2392.91,2026-03-22
U20260511,Andres Mendoza,Psicología,11.0,12.0,14.2,,12,6846.28,10/03/2026
U20260287,Jorge Gomez,Ingeniería Industrial,17.4,17.0,18.1,150.5,23,4547.31,24/03/2026
U20260993,Maria Perez,Administración,6.4,6.1,,64.2,6,5968.81,21/03/2026
U20260783,Valentina Perez,Ingeniería Industrial,15.9,14.0,15.4,87.4,14,2514.42,20/03/2026
U20260799,Maria Rojas,Ingeniería de Sistemas,7.5,,9.0,71.6,4,6497.22,03-03-2026
U20260847,Isabella Perez,Psicología,16.5,16.6,14.7,94.6,19,7386.14,08/03/2026
U20260041,Jorge Sanchez,Administración,5.3,4.3,6.9,44.8,1,3649.84,2026-03-03
U20260249,Jose Rojas,Ingeniería Industrial,10.3,3.9,9.2,56.1,2,6186.12,07/03/2026
U20260045,Maria Garcia,Derecho,25.0,5.5,11.5,68.1,2,6068.65,2026-03-18
U20260590,Ana Perez,Derecho,,7.8,7.9,,10,2825.92,02-03-2026
U20260889,Jorge Mendoza,Ingeniería de Sistemas,13.6,15.4,13.6,88.0,11,3386.12,13-03-2026
U20260334,Valentina Quispe,Administración,15.9,15.0,13.5,87.6,17,3144.47,2026-03-15
U20260986,Luis Perez,Administración,17.3,18.1,19.9,95.5,21,4581.65,2026-03-24
U20260114,Elena Ramirez,Ingeniería Industrial,,19.0,18.3,92.6,21,2113.72,21-03-2026
U20260185,Carlos Vargas,Administración,8.5,3.8,7.5,76.6,7,7004.86,
U20260779,Fernando Vargas,Ingeniería Industrial,18.0,18.2,16.8,92.6,34,6474.7,2026-03-25
U20260234,Andres Quispe,Derecho,17.3,18.8,17.2,92.0,21,,07-03-2026
U20260961,Valeria Sanchez,Psicología,15.3,17.7,17.9,94.7,27,3855.93,2026-03-23
U20260244,Andres Torres,Administración,14.2,12.7,13.0,92.0,18,6033.04,15/03/2026
U20260310,Fernando Diaz,Derecho,11.6,12.3,11.3,82.0,10,5027.64,25-03-2026
U20260637,Elena Perez,Derecho,13.3,10.4,15.6,93.5,19,3004.22,01/03/2026
U20260456,Lucas Gomez,Administración,17.4,16.3,16.2,99.4,34,5197.61,
U20260652,Gabriela Lopez,Psicología,15.4,17.5,14.8,90.7,23,5523.58,2026-03-07
U20260905,Lucia Vargas,Derecho,12.2,12.9,12.5,82.1,11,5145.24,24-03-2026
U20260056,Juan Mamani,Ingeniería de Sistemas,15.0,11.5,15.0,93.5,9,5481.36,2026-03-14
U20260160,Ana Rojas,Administración,10.7,4.9,10.2,76.7,5,4333.1,21-03-2026
U20260493,Lucas Lopez,Psicología,,16.8,16.4,90.0,20,5029.99,2026-03-17
U20260119,Fernando Ramirez,Derecho,15.0,10.9,13.9,80.6,15,6180.37,2026-03-20
U20260463,Valentina Garcia,Derecho,4.8,5.3,8.7,63.6,2,1205.77,2026-03-05
U20260167,Lucia Espinoza,Ingeniería de Sistemas,11.0,,12.8,83.7,11,2067.4,2026-03-16
U20260109,Fernando Rojas,Psicología,12.4,10.0,15.2,92.6,10,5239.63,2026-03-16
U20260972,Jorge Perez,Administración,8.8,10.5,11.1,44.5,7,,22-03-2026
U20260688,Carlos Ramos,Psicología,5.7,,8.7,79.0,6,5912.6,20/03/2026
U20260070,Valeria Sanchez,Derecho,13.9,10.0,13.5,90.2,18,7053.42,19/03/2026
U20260325,Gabriela Mendoza,Administración,10.9,10.4,10.5,61.9,1,5265.68,05-03-2026
U20260214,Jorge Mamani,Ingeniería Industrial,4.8,,11.0,79.3,5,1300.97,2026-03-12
U20260024,Diego Martinez,Derecho,17.2,19.5,15.2,97.3,21,1717.76,19-03-2026
U20260586,Elena Chavez,Psicología,13.3,12.5,13.7,84.7,18,1075.19,14-03-2026
U20260836,Luis Rojas,Administración,15.2,16.6,16.6,97.5,18,6751.82,25-03-2026
U20260839,Maria Castro,Psicología,16.2,19.9,14.8,91.3,22,7252.32,07-03-2026
U20260840,Isabella Ramos,Ingeniería Industrial,11.4,15.2,15.4,77.5,19,4062.34,2026-03-23
U20260504,Diego Rojas,Administración,11.7,12.4,15.5,83.2,15,4067.04,05-03-2026
U20260548,Maria Quispe,Ingeniería Industrial,5.4,4.2,8.0,40.8,9,4263.06,17-03-2026
U20260997,Juan Rojas,Ingeniería de Sistemas,9.6,6.8,10.1,120.0,4,6025.96,24-03-2026
U20260519,Valentina Mamani,Administración,8.9,7.5,10.7,61.4,10,4654.98,2026-03-06
U20260459,Diego Perez,Ingeniería Industrial,4.6,4.0,10.9,55.3,5,3531.91,2026-03-11
U20260472,Valeria Quispe,Ingeniería Industrial,19.8,16.4,16.3,94.2,15,5599.3,14/03/2026
U20260092,Lucia Mamani,Psicología,18.6,19.4,16.2,96.2,15,7117.72,03-03-2026
U20260190,Mateo Ramos,Ingeniería de Sistemas,6.6,7.6,6.4,77.5,1,6761.89,2026-03-06
U20260731,Fernando Perez,Administración,17.0,18.4,18.6,98.8,31,7261.88,20-03-2026
U20260323,Lucia Sanchez,Administración,16.5,19.0,16.3,92.1,33,2383.72,08-03-2026
U20260899,Luis Vargas,Psicología,18.6,19.5,18.8,95.3,16,4716.08,2026-03-01
U20260728,Camila Martinez,Psicología,8.2,4.0,8.6,56.5,7,2364.92,2026-03-05
U20260551,Lucia Vargas,Administración,4.9,8.7,11.7,49.5,1,1685.82,06-03-2026
U20260794,Juan Rodriguez,Ingeniería de Sistemas,8.5,9.6,,41.9,5,1345.24,12-03-2026
U20260634,Gabriela Vargas,Psicología,6.9,3.7,10.1,45.2,3,2045.01,21/03/2026
U20260687,Jose Chavez,Ingeniería Industrial,13.9,13.9,14.8,79.8,17,6282.38,2026-03-17
U20260867,Maria Sanchez,Ingeniería de Sistemas,17.6,16.3,19.5,91.4,33,5861.26,2026-03-18
U20260040,Sofia Rodriguez,Psicología,5.8,7.0,10.6,41.3,4,5574.01,2026-03-16
U20260994,Mateo Mamani,Psicología,12.1,11.0,11.4,84.8,10,3371.5,2026-03-10
U20260818,Elena Quispe,Administración,11.7,14.7,15.7,76.8,18,1764.26,2026-03-07
U20260967,Sofia Diaz,Derecho,10.2,9.1,6.1,44.7,2,,23/03/2026
U20260601,Isabella Rojas,Ingeniería Industrial,18.8,16.8,19.0,96.8,32,3873.54,15-03-2026
U20260415,Lucas Diaz,Derecho,19.6,19.5,19.7,91.6,16,5353.46,16/03/2026
U20260299,Maria Mamani,Ingeniería de Sistemas,7.4,10.0,7.7,57.2,2,3564.2,07-03-2026
U20260587,Carlos Diaz,Psicología,19.0,19.3,19.5,99.7,23,4340.83,15-03-2026
U20260358,Valeria Quispe,Psicología,18.9,17.3,16.8,96.4,27,,2026-03-12
U20260486,Jose Castro,Derecho,13.1,10.6,14.1,93.4,9,2815.09,07/03/2026
U20260768,Jorge Sanchez,Administración,5.9,5.5,7.5,,8,4435.17,11-03-2026
U20260240,Luis Sanchez,Ingeniería Industrial,17.1,,16.8,93.3,34,2906.62,23-03-2026
U20260983,Sofia Mendoza,Ingeniería de Sistemas,16.1,16.2,17.2,90.2,21,1846.94,06/03/2026
U20260349,Jose Ramos,Ingeniería de Sistemas,8.9,7.1,8.1,64.8,2,6255.3,20-03-2026
U20260082,Lucia Mendoza,Psicología,19.3,,19.8,97.5,24,6935.23,25/03/2026
U20260036,Elena Vargas,Derecho,4.9,6.7,10.5,67.7,10,7373.71,04-03-2026
U20260293,Mateo Torres,Ingeniería de Sistemas,-5.0,5.2,11.4,59.7,3,5539.47,25/03/2026
U20260849,Lucia Castro,Psicología,10.6,12.3,,83.5,18,3097.27,16-03-2026
U20260897,Ana Rodriguez,Administración,16.0,,16.8,92.6,20,2724.32,13-03-2026
U20260602,Lucas Castro,Ingeniería de Sistemas,4.6,3.5,10.6,,3,2699.88,24/03/2026
U20260043,Lucia Vargas,Ingeniería de Sistemas,18.8,17.0,19.0,92.4,31,6223.24,07-03-2026
U20260182,Andres Castro,Administración,19.8,19.2,16.9,94.4,23,2075.38,09-03-2026
U20260010,Maria Quispe,Ingeniería Industrial,16.1,18.0,17.8,93.1,29,4295.14,05-03-2026
U20260771,Camila Ramirez,Derecho,10.1,11.7,14.5,77.9,10,4090.47,07/03/2026
U20260008,Juan Flores,Ingeniería de Sistemas,17.8,19.6,14.1,91.1,15,5618.33,02-03-2026
U20260644,Maria Castro,Ingeniería de Sistemas,12.8,10.2,11.5,81.7,11,6296.36,07-03-2026
U20260038,Lucas Torres,Ingeniería Industrial,13.3,10.4,14.9,85.1,12,3132.95,07-03-2026
U20260945,Lucia Chavez,Ingeniería de Sistemas,14.0,15.3,15.0,81.1,18,7386.3,20/03/2026
U20260003,Jorge Espinoza,Administración,25.0,17.7,19.2,99.0,17,7161.01,2026-03-22
U20260063,Jose Mendoza,Ingeniería Industrial,19.0,,14.6,95.7,17,3584.32,2026-03-12
U20260116,Carlos Flores,Ingeniería de Sistemas,,17.7,17.2,99.9,25,6915.0,2026-03-05
U20260112,Mateo Rodriguez,Administración,15.2,19.1,17.2,95.7,25,3823.69,25/03/2026
U20260466,Gabriela Espinoza,Administración,15.9,17.4,19.4,95.7,29,4324.45,03-03-2026
U20260238,Juan Sanchez,Psicología,14.8,14.9,14.6,83.6,11,,19-03-2026
U20260260,Maria Gomez,Psicología,14.2,14.5,12.5,79.4,17,2377.27,10/03/2026
U20260204,Mateo Mendoza,Psicología,18.1,16.1,,94.9,27,7207.08,
U20260948,Valeria Chavez,Derecho,4.5,3.3,6.3,71.6,1,2395.65,12-03-2026
U20260650,Camila Perez,Derecho,6.1,10.0,6.7,44.1,3,5892.03,23/03/2026
U20260704,Fernando Castro,Ingeniería de Sistemas,17.5,16.2,16.4,97.2,34,1126.88,06-03-2026
U20260798,Maria Mamani,Administración,17.1,18.3,,97.1,28,7373.43,2026-03-12
U20260076,Carlos Gomez,Administración,18.1,16.9,17.3,92.8,20,6626.53,2026-03-20
U20260321,Carlos Chavez,Administración,19.0,16.6,15.4,99.5,22,,2026-03-07
U20260268,Valentina Quispe,Ingeniería de Sistemas,10.3,7.1,9.2,53.4,9,7250.07,2026-03-17
U20260576,Maria Ramos,Administración,4.6,8.5,11.1,51.8,1,1850.26,19-03-2026
U20260132,Andres Ramos,Ingeniería de Sistemas,10.8,13.5,14.2,82.1,10,3935.56,25-03-2026
U20260142,Camila Martinez,Derecho,6.2,10.9,8.7,70.3,3,2333.5,10/03/2026
U20260461,Gabriela Lopez,Ingeniería Industrial,9.3,6.9,6.5,51.8,4,5977.02,2026-03-12
U20260011,Carlos Torres,Administración,-5.0,14.4,13.5,94.6,15,6562.41,07/03/2026
U20260307,Diego Rojas,Derecho,4.2,7.5,8.7,76.0,5,2212.43,2026-03-09
U20260892,Elena Mamani,Ingeniería de Sistemas,8.5,10.3,10.0,,1,1082.92,14/03/2026
U20260319,Isabella Diaz,Administración,10.2,13.8,12.1,76.3,16,3142.84,2026-03-04
U20260607,Juan Castro,Ingeniería de Sistemas,15.3,13.6,12.4,91.7,17,6532.27,05-03-2026
U20260653,Sofia Garcia,Ingeniería Industrial,4.2,9.3,8.1,65.1,2,5825.62,09/03/2026
U20260616,Juan Rodriguez,Ingeniería Industrial,19.3,19.8,19.0,94.7,33,3437.97,24/03/2026
U20260328,Camila Ramirez,Derecho,12.9,17.0,15.1,81.4,9,1887.6,2026-03-10
U20260482,Fernando Lopez,Ingeniería de Sistemas,19.0,19.0,17.8,92.6,31,6785.65,24/03/2026
U20260009,Ana Martinez,Psicología,,10.2,6.8,57.9,1,1005.1,09-03-2026
U20260438,Valeria Lopez,Ingeniería de Sistemas,13.2,,12.8,85.8,12,5134.32,2026-03-13
U20260429,Carlos Sanchez,Administración,15.7,16.9,17.8,98.6,32,2107.34,10/03/2026
U20260484,Valentina Ramirez,Ingeniería Industrial,16.7,18.6,14.3,93.9,19,2736.9,05-03-2026
U20260800,Diego Torres,Psicología,14.3,15.7,14.6,89.9,11,5580.68,16-03-2026
U20260858,Camila Garcia,Ingeniería de Sistemas,14.1,10.8,14.8,,14,5063.77,15/03/2026
U20260289,Jose Ramirez,Psicología,5.4,6.9,8.7,48.0,6,6186.5,2026-03-11
U20260638,Gabriela Martinez,Ingeniería Industrial,10.2,15.2,15.6,78.3,19,1796.82,16/03/2026
U20260292,Luis Martinez,Derecho,,,,87.2,19,5913.68,10/03/2026
U20260953,Jorge Mendoza,Ingeniería Industrial,18.6,16.0,15.6,94.1,28,4493.26,14/03/2026
U20260400,Jose Rojas,Ingeniería de Sistemas,13.2,,13.1,93.4,18,6943.39,23-03-2026
U20260061,Luis Mamani,Administración,12.1,14.7,13.5,79.1,9,3836.71,2026-03-15
U20260736,Ana Mendoza,Administración,9.4,6.5,,57.6,3,3660.86,2026-03-22
U20260589,Valentina Diaz,Ingeniería Industrial,15.3,18.0,14.5,96.4,23,2016.19,21/03/2026
U20260228,Lucas Castro,Ingeniería de Sistemas,12.7,11.9,13.4,94.2,18,3528.02,10-03-2026
U20260835,Andres Espinoza,Psicología,19.1,16.1,14.7,90.9,33,,2026-03-08
U20260667,Gabriela Rojas,Ingeniería Industrial,17.4,18.9,18.5,90.6,34,4623.97,17/03/2026
U20260254,Andres Vargas,Psicología,4.0,8.1,,51.0,7,3283.12,03-03-2026
U20260822,Lucas Mendoza,Derecho,,8.7,9.7,75.0,6,6297.41,2026-03-13
U20260570,Luis Martinez,Ingeniería Industrial,5.0,3.4,9.0,50.9,9,3212.15,2026-03-12
U20260599,Isabella Gomez,Psicología,14.8,,14.0,88.3,16,2562.66,21-03-2026
U20260773,Maria Torres,Psicología,14.3,15.0,11.8,84.4,9,3342.15,2026-03-09
U20260999,Jorge Martinez,Ingeniería Industrial,7.3,9.9,11.1,70.3,7,4076.18,18-03-2026
U20260408,Jorge Diaz,Derecho,14.4,14.4,11.0,81.4,14,5415.56,12/03/2026
U20260614,Jose Martinez,Ingeniería de Sistemas,25.0,16.2,14.9,91.6,18,-1203.7829603658924,2026-03-23
U20260443,Lucia Castro,Ingeniería Industrial,15.3,15.5,11.1,78.6,8,3363.08,10/03/2026
U20260078,Sofia Chavez,Administración,16.8,16.3,14.8,97.5,24,7160.28,17-03-2026
U20260829,Camila Torres,Psicología,9.6,9.7,10.1,74.8,1,6739.96,22-03-2026
U20260130,Valeria Flores,Psicología,15.8,19.8,18.0,96.2,16,7453.84,2026-03-18
U20260423,Fernando Rodriguez,Administración,17.7,17.4,17.2,,18,2918.84,2026-03-12
U20260168,Elena Chavez,Ingeniería Industrial,17.1,17.1,19.6,92.4,34,6534.67,23-03-2026
U20260764,Camila Castro,Ingeniería de Sistemas,14.5,15.6,13.1,86.0,10,-1961.270218776455,08-03-2026
U20260566,Andres Rodriguez,Administración,8.6,6.8,11.6,51.5,5,4187.35,2026-03-01
U20260612,Maria Martinez,Ingeniería Industrial,4.0,3.5,,78.9,3,2888.39,03/03/2026
U20260452,Isabella Flores,Administración,4.7,3.4,11.5,65.7,10,4845.85,06-03-2026
U20260201,Lucia Flores,Ingeniería Industrial,7.7,9.0,9.5,67.0,6,2970.38,
U20260937,Carlos Mamani,Ingeniería de Sistemas,11.7,14.2,15.2,92.0,8,2071.33,05-03-2026
U20260988,Gabriela Flores,Derecho,15.5,,19.1,97.1,25,2206.76,14-03-2026
U20260792,Fernando Diaz,Ingeniería de Sistemas,15.8,19.3,18.0,93.2,24,4457.79,2026-03-24
U20260530,Fernando Torres,Ingeniería de Sistemas,15.2,16.2,14.9,95.4,16,2111.28,21-03-2026
U20260929,Elena Garcia,Ingeniería Industrial,19.9,18.5,,96.1,25,2221.76,22-03-2026
U20260521,Mateo Mamani,Derecho,17.8,16.7,15.2,,17,6789.92,25/03/2026
U20260044,Diego Rodriguez,Administración,18.4,17.6,14.9,120.0,24,7275.64,2026-03-21
U20260743,Jose Mendoza,Ingeniería Industrial,4.1,3.8,8.6,-15.0,7,1040.04,17-03-2026
U20260558,Juan Perez,Ingeniería de Sistemas,15.0,13.8,11.2,85.9,12,7243.63,22-03-2026
U20260159,Isabella Torres,Ingeniería Industrial,6.8,10.8,8.2,42.2,8,5189.32,2026-03-19
U20260508,Ana Mendoza,Ingeniería Industrial,4.1,8.9,9.4,71.4,8,3458.25,08/03/2026
U20260039,Gabriela Espinoza,Ingeniería de Sistemas,15.9,18.0,16.7,99.4,28,7409.92,12/03/2026
U20260211,Isabella Rodriguez,Ingeniería Industrial,,7.7,6.1,59.1,3,-797.53325391319,03/03/2026
U20260502,Diego Vargas,Administración,4.8,,6.1,59.9,2,1397.29,2026-03-05
U20260533,Diego Ramirez,Derecho,16.0,16.6,15.0,91.0,29,5418.41,2026-03-19
U20260796,Carlos Quispe,Ingeniería Industrial,17.7,17.5,14.5,96.2,18,6928.69,03/03/2026
U20260206,Valentina Espinoza,Administración,6.6,10.7,6.3,43.0,5,2679.89,14/03/2026
U20260001,Andres Rojas,Ingeniería Industrial,,14.3,7.2,50.9,3,3939.99,09/03/2026
U20260488,Valeria Torres,Derecho,16.0,17.5,18.3,150.5,27,1983.31,16/03/2026
U20260537,Isabella Lopez,Ingeniería de Sistemas,11.4,14.3,11.3,77.9,12,7190.02,18/03/2026
U20260625,Fernando Torres,Psicología,13.9,,11.0,77.1,8,3007.72,09/03/2026
U20260515,Jose Ramirez,Psicología,6.6,9.8,11.2,46.4,1,5232.83,06-03-2026
U20260952,Jose Vargas,Administración,4.9,9.1,9.2,120.0,8,4907.48,11/03/2026
U20260757,Juan Rodriguez,Derecho,11.2,11.9,13.4,81.8,8,3278.06,07-03-2026
U20260861,Maria Mendoza,Administración,11.0,7.4,8.6,,9,1896.05,2026-03-10
U20260442,Luis Ramirez,Ingeniería Industrial,15.8,10.7,13.8,120.0,14,960.01,2026-03-02
U20260955,Ana Ramos,Administración,11.0,13.5,15.0,84.7,19,7244.76,19/03/2026
U20260351,Juan Flores,Psicología,10.6,11.5,13.1,84.4,8,2938.28,20-03-2026
U20260129,Lucia Rodriguez,Derecho,4.3,3.5,6.7,69.2,4,4764.57,24/03/2026
U20260102,Juan Gomez,Ingeniería de Sistemas,15.0,13.0,11.2,91.9,19,7454.09,23-03-2026
U20260814,Isabella Lopez,Administración,13.6,12.7,,82.8,17,2899.95,02/03/2026
U20260494,Fernando Garcia,Psicología,19.1,18.9,14.2,97.8,29,1532.68,04/03/2026
U20260735,Elena Gomez,Psicología,5.7,8.4,9.4,-15.0,2,4118.34,08-03-2026
U20260677,Jose Sanchez,Psicología,10.9,11.9,12.9,83.6,15,7212.12,21/03/2026
U20260316,Andres Perez,Administración,8.0,8.3,6.7,72.4,3,1275.05,2026-03-13
U20260219,Andres Martinez,Ingeniería de Sistemas,8.8,3.2,10.7,74.5,7,2511.29,2026-03-03
U20260543,Lucas Espinoza,Derecho,14.9,,13.2,76.3,16,2334.96,21-03-2026
U20260825,Gabriela Garcia,Derecho,18.7,16.4,17.2,93.6,18,2058.04,03-03-2026
U20260150,Mateo Lopez,Ingeniería de Sistemas,14.2,15.6,13.3,86.9,12,,
U20260301,Ana Sanchez,Ingeniería Industrial,12.6,14.5,11.4,83.9,14,3060.44,13/03/2026
U20260745,Isabella Ramos,Psicología,6.9,10.7,6.1,52.4,2,2765.12,2026-03-07
U20260594,Sofia Espinoza,Ingeniería Industrial,6.4,7.7,9.1,71.8,5,5835.71,11-03-2026
U20260967,Sofia Diaz,Derecho,10.2,9.1,6.1,44.7,2,,23/03/2026
U20260868,Juan Rojas,Psicología,9.6,5.3,7.9,78.1,9,4471.94,02-03-2026
U20260156,Lucas Flores,Ingeniería Industrial,4.3,6.3,6.9,63.4,7,6352.0,04/03/2026
U20260264,Elena Mamani,Administración,10.1,10.9,,82.5,10,7070.88,08-03-2026
U20260623,Juan Lopez,Ingeniería de Sistemas,19.5,18.2,19.5,93.4,29,6348.6,2026-03-18
U20260850,Sofia Flores,Administración,6.3,8.2,10.4,64.6,4,,07-03-2026
U20260702,Jorge Diaz,Administración,18.2,15.8,19.0,96.6,31,5499.82,17/03/2026
U20260737,Isabella Lopez,Ingeniería Industrial,13.3,10.9,14.0,86.8,15,2936.23,08/03/2026
U20260563,Lucia Garcia,Ingeniería Industrial,14.6,10.2,13.3,78.3,19,5415.19,13/03/2026
U20260285,Gabriela Torres,Ingeniería Industrial,5.2,3.5,10.9,68.6,10,1367.13,02-03-2026
U20260522,Jose Martinez,Psicología,12.9,11.6,13.8,79.1,20,7013.86,01-03-2026
U20260719,Lucas Diaz,Psicología,10.1,11.8,11.2,76.7,17,3553.9,25/03/2026
U20260649,Lucia Diaz,Derecho,11.4,14.2,11.5,91.2,12,5691.05,14-03-2026
U20260089,Ana Vargas,Administración,,16.1,16.3,99.8,15,4620.07,19-03-2026
U20260317,Camila Martinez,Derecho,17.4,16.2,17.6,99.2,26,5974.65,2026-03-13
U20260579,Fernando Rojas,Psicología,18.2,17.9,19.0,96.1,24,5576.63,10-03-2026
U20260267,Carlos Mendoza,Ingeniería Industrial,19.1,18.0,15.2,98.2,22,5919.23,25-03-2026
U20260765,Sofia Ramos,Ingeniería de Sistemas,11.1,14.7,13.3,94.7,10,5949.53,22-03-2026
U20260996,Valentina Sanchez,Derecho,9.3,7.1,7.4,56.0,8,1552.61,2026-03-19
U20260227,Isabella Rodriguez,Psicología,7.7,3.9,11.5,58.4,1,5044.25,18/03/2026
U20260144,Diego Chavez,Ingeniería Industrial,11.2,15.6,12.9,86.4,9,2692.02,17-03-2026
U20260680,Andres Martinez,Derecho,15.8,19.2,16.9,96.8,24,3599.05,17/03/2026
U20260067,Sofia Castro,Psicología,8.1,3.7,8.4,54.7,9,5385.58,2026-03-07
U20260788,Maria Martinez,Ingeniería Industrial,15.1,16.5,19.4,99.0,20,6686.39,03-03-2026
U20260105,Mateo Ramirez,Psicología,5.9,,8.3,67.1,10,1162.33,22/03/2026
U20260881,Elena Perez,Psicología,6.0,4.7,7.3,47.8,6,3196.7,01/03/2026
U20260962,Jose Espinoza,Ingeniería Industrial,15.2,,14.0,92.9,32,2209.17,2026-03-13
U20260193,Isabella Rodriguez,Derecho,10.7,15.7,12.9,,9,3611.99,2026-03-15
U20260904,Jorge Mendoza,Derecho,14.7,15.3,12.9,82.5,12,1909.62,2026-03-20
U20260721,Fernando Lopez,Ingeniería de Sistemas,9.4,10.1,7.8,59.2,4,4030.54,16-03-2026
U20260763,Diego Vargas,Derecho,9.8,8.2,6.8,62.9,4,1148.59,2026-03-24
U20260001,Andres Rojas,Ingeniería Industrial,,9.1,7.2,50.9,3,3939.99,09/03/2026
U20260663,Lucas Mamani,Ingeniería de Sistemas,4.6,8.2,7.8,71.6,10,7230.12,19-03-2026
U20260220,Lucia Diaz,Derecho,6.8,5.1,10.3,65.6,8,6240.19,18/03/2026
U20260380,Jorge Vargas,Ingeniería de Sistemas,9.7,8.9,11.8,63.5,3,7065.47,2026-03-03
U20260318,Camila Martinez,Administración,17.5,17.6,16.7,95.2,28,1646.34,2026-03-22
U20260882,Fernando Rojas,Psicología,15.8,17.4,14.9,97.6,25,-1299.360445372499,24-03-2026
U20260146,Lucia Lopez,Ingeniería de Sistemas,15.1,11.2,14.6,93.1,16,3515.01,2026-03-06
U20260552,Mateo Espinoza,Ingeniería de Sistemas,9.1,9.8,,42.7,2,2734.16,2026-03-23
U20260820,Fernando Ramos,Ingeniería de Sistemas,17.1,17.8,19.7,97.5,30,1640.52,2026-03-21
U20260985,Jorge Quispe,Administración,6.1,10.5,7.3,43.7,5,5196.13,23/03/2026
U20260218,Ana Ramirez,Derecho,12.8,10.3,12.4,,16,3502.47,2026-03-05
U20260173,Sofia Rodriguez,Ingeniería Industrial,11.7,10.4,15.0,120.0,18,-1767.4765093686528,2026-03-21
U20260391,Lucas Mamani,Psicología,,6.2,6.8,42.7,1,3287.51,05-03-2026
U20260870,Isabella Quispe,Ingeniería de Sistemas,8.3,5.3,10.1,61.3,6,6407.4,2026-03-24
U20260020,Lucas Flores,Derecho,8.5,9.2,7.8,51.1,2,4506.65,06/03/2026
U20260453,Juan Quispe,Psicología,15.3,19.7,14.7,120.0,19,4405.76,23-03-2026
U20260131,Fernando Flores,Ingeniería Industrial,19.9,17.3,17.0,90.4,23,5103.39,21/03/2026
U20260300,Lucas Mendoza,Administración,16.9,19.0,16.3,98.1,19,4942.04,19-03-2026
U20260120,Diego Rojas,Ingeniería Industrial,10.1,4.4,10.6,68.3,3,6335.66,2026-03-05
U20260427,Carlos Sanchez,Ingeniería de Sistemas,12.9,6.1,11.9,93.4,10,2962.38,03-03-2026
U20260633,Gabriela Mamani,Ingeniería de Sistemas,4.5,6.1,6.7,61.7,9,7315.56,2026-03-07
U20260237,Camila Rojas,Administración,17.5,18.0,19.0,94.4,26,6032.31,25/03/2026
U20260184,Maria Torres,Ingeniería Industrial,12.0,14.7,14.4,81.2,17,1095.92,2026-03-06
U20260108,Jorge Rojas,Ingeniería de Sistemas,12.5,15.1,13.8,83.1,10,4559.04,25-03-2026
U20260125,Diego Martinez,Psicología,10.9,6.4,6.6,66.4,3,6710.44,06-03-2026
U20260104,Maria Garcia,Derecho,15.1,18.1,19.8,,15,5101.06,2026-03-05
U20260060,Diego Mendoza,Administración,10.6,,11.3,87.1,20,3765.45,24-03-2026
U20260866,Sofia Espinoza,Psicología,17.8,16.4,19.8,91.2,20,2034.41,24/03/2026
U20260115,Andres Ramirez,Psicología,6.3,4.6,11.9,55.6,1,1256.38,2026-03-20
U20260661,Camila Torres,Administración,15.2,15.9,13.2,90.0,16,4224.4,18/03/2026
U20260632,Luis Garcia,Psicología,10.7,14.3,14.0,77.0,16,6311.21,2026-03-07
U20260242,Lucia Castro,Ingeniería Industrial,13.6,12.9,11.9,90.9,17,7306.85,
U20260921,Mateo Rodriguez,Derecho,17.7,17.7,18.9,95.9,30,2179.12,
U20260141,Elena Perez,Ingeniería de Sistemas,10.8,14.4,12.1,87.1,16,3720.72,18/03/2026
U20260256,Valentina Flores,Psicología,10.8,3.5,10.8,53.6,5,6194.29,2026-03-04
U20260464,Luis Castro,Administración,12.9,13.7,12.5,77.4,17,3097.19,23-03-2026
U20260991,Lucia Castro,Ingeniería de Sistemas,16.8,19.7,18.7,97.6,18,4311.51,2026-03-23
U20260672,Mateo Diaz,Psicología,19.0,17.9,16.5,,35,6204.18,2026-03-04
U20260959,Luis Rojas,Derecho,14.2,15.0,13.4,81.3,15,4060.72,04/03/2026
U20260088,Isabella Diaz,Ingeniería Industrial,6.5,10.6,9.5,-15.0,7,2573.54,24-03-2026
U20260499,Diego Torres,Psicología,13.1,11.1,15.4,120.0,11,1511.06,01/03/2026
U20260396,Mateo Rojas,Derecho,14.2,15.9,14.1,75.1,17,5540.22,2026-03-13
U20260191,Lucas Chavez,Psicología,7.1,4.9,10.6,61.4,7,3910.27,2026-03-02
U20260406,Elena Sanchez,Derecho,16.1,18.2,16.4,99.4,32,7409.26,2026-03-01
U20260806,Camila Mendoza,Ingeniería de Sistemas,15.3,,14.9,90.9,21,5386.64,2026-03-25
U20260981,Andres Sanchez,Administración,9.4,6.0,8.8,71.6,6,2087.61,13/03/2026
U20260031,Valeria Torres,Ingeniería Industrial,17.0,18.0,18.4,90.6,35,2530.33,11/03/2026
U20260920,Maria Ramirez,Ingeniería de Sistemas,9.1,3.5,8.7,73.7,10,6126.46,07-03-2026
U20260541,Diego Diaz,Psicología,7.5,,12.0,43.0,6,2472.86,09-03-2026
U20260860,Lucas Garcia,Ingeniería Industrial,16.2,17.8,14.9,97.6,29,5577.3,16-03-2026
U20260689,Jorge Gomez,Ingeniería Industrial,,8.6,9.4,75.8,4,5019.7,2026-03-13
U20260531,Camila Martinez,Derecho,12.5,13.0,15.7,81.2,19,4342.59,16-03-2026
U20260080,Andres Rojas,Psicología,18.6,16.2,15.0,96.8,16,7440.36,2026-03-01
U20260580,Jorge Quispe,Ingeniería de Sistemas,8.1,7.3,7.8,74.0,1,3968.63,16/03/2026
U20260137,Jorge Sanchez,Psicología,11.4,12.0,14.8,,16,4500.77,2026-03-07
U20260374,Fernando Torres,Administración,5.7,6.3,9.3,64.1,7,6451.18,04/03/2026
U20260269,Camila Diaz,Administración,16.9,19.3,17.2,98.4,17,5450.61,22-03-2026
U20260573,Andres Ramos,Ingeniería de Sistemas,25.0,17.2,16.2,97.7,21,7281.71,15/03/2026
U20260111,Elena Diaz,Derecho,9.7,10.4,10.0,40.8,5,7204.97,2026-03-18
U20260074,Fernando Diaz,Administración,18.7,16.4,19.8,98.1,18,1559.83,20/03/2026
U20260830,Juan Gomez,Ingeniería Industrial,16.5,16.7,17.9,91.2,20,,16-03-2026
U20260544,Jose Perez,Administración,4.5,9.6,8.0,,5,3732.53,24-03-2026
U20260436,Mateo Quispe,Psicología,10.4,7.9,7.6,53.1,7,1805.22,2026-03-23
U20260732,Isabella Rodriguez,Administración,13.8,10.4,11.9,77.6,14,2810.9,2026-03-03
U20260859,Elena Sanchez,Psicología,10.8,14.1,14.7,,16,2520.05,2026-03-12
U20260946,Mateo Rodriguez,Administración,16.7,16.4,15.6,90.6,33,5314.73,2026-03-08
U20260213,Camila Ramos,Ingeniería de Sistemas,16.3,16.6,19.5,92.5,18,1111.74,2026-03-07
U20260938,Luis Mendoza,Derecho,17.3,5.6,14.8,91.9,20,7197.11,2026-03-17
U20260379,Diego Quispe,Ingeniería de Sistemas,12.5,12.4,11.1,79.9,8,5187.07,17/03/2026
U20260151,Sofia Lopez,Administración,6.8,4.0,10.0,53.9,2,1830.62,13-03-2026
U20260188,Mateo Ramirez,Ingeniería Industrial,16.3,16.8,15.2,90.8,33,1568.47,09-03-2026
U20260058,Lucia Flores,Derecho,13.3,10.2,14.1,88.9,11,3111.78,01/03/2026
U20260540,Elena Torres,Administración,12.1,12.3,15.9,77.7,10,7167.59,06-03-2026
U20260444,Valeria Martinez,Ingeniería Industrial,15.8,,15.0,96.4,19,6488.89,2026-03-19
U20260258,Valeria Mamani,Administración,18.2,18.8,14.4,-15.0,31,2785.43,04-03-2026
U20260398,Valeria Castro,Ingeniería Industrial,12.3,16.0,12.6,77.0,14,6744.09,2026-03-07
U20260635,Elena Lopez,Ingeniería de Sistemas,13.3,12.6,11.6,90.0,8,4755.43,21/03/2026
U20260280,Jorge Mendoza,Psicología,11.6,14.9,15.1,92.8,15,2563.66,17/03/2026
U20260922,Sofia Garcia,Ingeniería Industrial,19.9,18.8,17.3,97.8,21,3219.79,06-03-2026
U20260068,Isabella Perez,Derecho,5.2,4.6,10.2,69.0,2,2107.23,06-03-2026
U20260682,Maria Lopez,Psicología,10.3,10.3,13.6,-15.0,13,2409.57,2026-03-13
U20260666,Mateo Perez,Psicología,6.9,3.6,8.5,54.0,7,6422.29,2026-03-01
U20260127,Jorge Sanchez,Derecho,9.4,10.4,11.9,68.3,8,1770.65,2026-03-14
U20260992,Fernando Ramirez,Derecho,9.6,10.0,10.7,70.2,7,3163.07,2026-03-18
U20260557,Fernando Martinez,Ingeniería de Sistemas,10.7,11.5,11.1,93.3,17,2997.54,19-03-2026
U20260028,Maria Ramirez,Psicología,17.5,17.3,,90.6,30,3202.72,25-03-2026
U20260399,Camila Chavez,Psicología,10.9,11.9,14.8,79.7,9,3182.38,25-03-2026
U20260629,Ana Diaz,Ingeniería de Sistemas,16.8,18.6,16.2,99.2,16,6705.48,2026-03-23
U20260012,Isabella Espinoza,Derecho,18.8,17.3,16.4,92.3,31,2099.16,01/03/2026
U20260687,Jose Chavez,Ingeniería Industrial,13.9,13.9,14.8,79.8,17,6282.38,2026-03-17
U20260233,Juan Mendoza,Administración,15.9,,14.2,96.9,18,2936.56,12-03-2026
U20260273,Sofia Ramirez,Derecho,16.1,16.0,15.2,,32,6331.18,21/03/2026
U20260106,Valeria Ramirez,Derecho,17.4,16.3,14.2,,22,4594.65,
U20260019,Diego Chavez,Administración,,5.2,11.2,63.5,7,3584.52,01-03-2026
U20260701,Jose Perez,Ingeniería de Sistemas,4.9,3.8,8.2,53.9,3,6970.82,2026-03-24
U20260787,Isabella Perez,Derecho,,11.3,,82.5,18,6215.7,20/03/2026
U20260971,Valeria Chavez,Administración,15.5,,12.6,85.8,16,2172.62,21-03-2026
U20260770,Elena Sanchez,Derecho,11.8,13.6,15.2,75.4,17,5830.38,09-03-2026
U20260079,Carlos Gomez,Derecho,9.0,10.7,9.6,44.1,1,7206.21,2026-03-23
U20260740,Fernando Gomez,Psicología,9.1,6.8,11.2,53.2,10,2673.19,2026-03-24
U20260883,Jose Castro,Administración,9.8,6.2,6.1,68.8,10,6106.82,12-03-2026
U20260902,Mateo Castro,Psicología,19.8,18.8,19.0,93.0,33,2796.89,02-03-2026
U20260180,Gabriela Castro,Psicología,5.1,8.4,11.8,68.8,1,1575.11,2026-03-18
U20260950,Valentina Rojas,Derecho,11.7,14.8,12.4,94.8,13,5845.6,02-03-2026
U20260514,Sofia Vargas,Ingeniería de Sistemas,9.8,7.3,11.1,64.2,8,2138.56,14-03-2026
U20260394,Carlos Torres,Ingeniería Industrial,13.7,12.2,11.2,92.6,20,5297.94,2026-03-09
U20260751,Camila Diaz,Ingeniería Industrial,5.9,7.5,11.2,79.0,4,3745.05,02-03-2026
U20260723,Diego Mendoza,Derecho,6.4,6.9,9.8,64.2,1,2381.43,25-03-2026
U20260250,Camila Mamani,Derecho,4.1,10.0,11.9,49.7,1,6897.0,11-03-2026
U20260332,Ana Rodriguez,Derecho,4.5,8.2,9.2,-15.0,10,7064.87,
U20260989,Isabella Mamani,Ingeniería de Sistemas,12.7,14.8,11.7,93.4,12,4449.42,2026-03-05
U20260913,Mateo Sanchez,Administración,17.4,19.5,15.8,98.6,33,3565.48,12-03-2026
U20260662,Jose Gomez,Derecho,14.9,14.4,11.9,120.0,16,5417.89,14-03-2026
U20260793,Lucas Mamani,Derecho,18.3,19.3,14.6,96.7,32,5481.47,25/03/2026
U20260033,Valeria Mamani,Psicología,4.0,7.1,9.8,44.3,3,1822.58,21/03/2026
U20260591,Andres Flores,Derecho,14.6,10.9,12.1,79.3,19,6383.91,2026-03-05
U20260631,Camila Vargas,Derecho,10.9,5.9,8.4,45.1,1,5319.53,2026-03-23
U20260705,Carlos Vargas,Administración,15.7,19.4,18.7,,33,3306.32,04-03-2026
U20260143,Juan Rojas,Ingeniería Industrial,12.1,12.4,,82.7,15,7173.92,16/03/2026
U20260284,Elena Torres,Psicología,11.0,,11.6,90.9,10,5367.45,15/03/2026
U20260914,Lucia Chavez,Derecho,15.8,11.6,12.3,84.4,8,5299.23,2026-03-09
U20260136,Lucia Mamani,Psicología,19.7,,19.0,99.3,18,7028.77,03/03/2026
U20260140,Elena Ramirez,Ingeniería Industrial,14.9,16.0,12.3,79.3,16,3919.52,2026-03-10
U20260094,Valeria Ramirez,Ingeniería Industrial,16.8,18.7,18.2,94.8,35,1015.54,2026-03-05
U20260846,Valeria Rodriguez,Derecho,19.1,17.2,18.0,96.3,30,6815.18,22-03-2026
U20260798,Maria Mamani,Administración,17.1,18.3,,97.1,28,7373.43,2026-03-12
U20260908,Fernando Rodriguez,Ingeniería Industrial,17.7,17.7,15.0,97.9,26,3003.36,2026-03-18
U20260964,Andres Lopez,Administración,15.8,18.0,18.1,94.8,23,1240.84,
U20260075,Mateo Chavez,Administración,,19.3,17.7,98.9,32,6143.45,2026-03-12
U20260526,Luis Garcia,Administración,16.9,18.5,14.5,95.8,27,6261.51,2026-03-12
U20260622,Camila Gomez,Ingeniería Industrial,17.3,16.5,18.6,92.9,25,3471.36,2026-03-16
U20260917,Lucas Mamani,Psicología,15.1,17.5,18.0,96.7,27,,22-03-2026
U20260175,Mateo Gomez,Administración,,14.2,15.5,88.4,10,,2026-03-04
U20260804,Luis Ramirez,Psicología,11.0,12.9,12.7,85.5,10,6064.48,2026-03-23
U20260194,Lucia Mamani,Derecho,9.2,8.9,6.2,44.0,7,4289.22,14/03/2026
U20260956,Isabella Perez,Derecho,18.5,19.5,16.5,94.3,28,3728.65,02-03-2026
U20260973,Jorge Lopez,Ingeniería de Sistemas,10.8,6.4,7.2,60.0,7,4365.35,22-03-2026
U20260734,Valeria Martinez,Ingeniería de Sistemas,7.9,9.4,6.1,45.5,1,2227.29,25/03/2026
U20260571,Valentina Perez,Psicología,17.0,16.7,19.8,93.8,34,4493.41,01-03-2026
U20260483,Camila Gomez,Derecho,13.0,14.8,13.3,92.0,16,5020.01,2026-03-04
U20260164,Lucas Ramos,Derecho,9.9,7.9,11.7,54.7,9,3060.92,17/03/2026
U20260724,Fernando Flores,Administración,19.9,18.4,14.7,94.1,15,2186.53,2026-03-25
U20260951,Sofia Torres,Ingeniería de Sistemas,25.0,15.6,13.3,92.4,13,4086.75,2026-03-02
U20260035,Mateo Lopez,Psicología,10.1,10.9,12.7,89.3,19,4771.91,02/03/2026
U20260750,Fernando Sanchez,Psicología,15.7,16.7,15.7,-15.0,21,998.09,07-03-2026
U20260409,Sofia Garcia,Ingeniería Industrial,5.2,4.3,,77.4,4,4259.64,13/03/2026
U20260760,Ana Flores,Ingeniería de Sistemas,18.8,19.0,15.2,98.8,23,6554.55,12/03/2026
U20260018,Gabriela Vargas,Ingeniería Industrial,12.3,11.2,15.1,86.6,10,3857.29,07-03-2026
U20260467,Jorge Chavez,Administración,16.4,19.6,15.9,96.5,21,3870.3,10-03-2026
U20260392,Camila Mamani,Administración,6.2,5.1,10.7,61.8,2,1415.16,
U20260556,Lucia Vargas,Psicología,16.3,16.1,17.4,96.9,20,7179.64,2026-03-24
U20260907,Elena Ramos,Ingeniería de Sistemas,8.3,8.3,11.8,40.6,6,7175.84,14-03-2026
U20260887,Luis Quispe,Ingeniería Industrial,16.3,16.7,15.7,98.7,35,7029.9,07-03-2026
U20260441,Valeria Ramos,Ingeniería de Sistemas,13.4,12.2,11.2,85.7,11,7470.62,2026-03-04
U20260186,Gabriela Rodriguez,Ingeniería Industrial,14.3,15.8,11.2,78.3,10,1633.17,24-03-2026
U20260432,Elena Espinoza,Administración,13.0,14.4,12.5,94.9,17,7117.9,2026-03-03
U20260451,Jose Flores,Ingeniería de Sistemas,15.6,16.3,18.8,97.1,34,1620.39,14-03-2026
U20260053,Andres Perez,Ingeniería Industrial,5.1,4.5,10.0,59.4,9,1378.32,2026-03-01
U20260027,Jorge Rojas,Derecho,15.7,19.0,17.8,99.7,27,-1915.1357507997766,2026-03-05
U20260767,Jose Perez,Ingeniería Industrial,19.7,16.7,16.4,90.3,17,5399.05,13-03-2026
U20260824,Sofia Ramirez,Psicología,17.2,19.0,15.9,92.5,29,1170.22,2026-03-15
U20260419,Isabella Torres,Ingeniería Industrial,13.5,11.3,14.8,93.8,14,3175.96,02/03/2026
U20260837,Elena Perez,Derecho,15.8,19.0,15.5,95.5,33,3533.3,15-03-2026
U20260885,Valentina Perez,Psicología,19.9,17.0,17.2,90.2,18,6494.86,2026-03-17
U20260338,Carlos Garcia,Ingeniería de Sistemas,10.3,7.7,6.6,72.2,8,3717.1,2026-03-12
U20260445,Luis Chavez,Ingeniería de Sistemas,,8.2,7.9,72.6,2,5063.4,14-03-2026
U20260002,Valentina Sanchez,Psicología,13.3,,13.6,-15.0,14,1352.45,04/03/2026
U20260681,Maria Perez,Administración,,13.4,14.8,88.2,20,2456.52,07/03/2026
U20260990,Isabella Castro,Psicología,13.4,14.2,14.3,81.8,11,1890.28,04/03/2026
U20260433,Isabella Rodriguez,Administración,10.6,15.3,13.8,85.3,14,7401.2,02-03-2026
U20260809,Mateo Castro,Administración,18.5,18.7,16.3,,31,7083.07,
U20260004,Diego Flores,Ingeniería Industrial,,4.8,10.7,69.4,2,4637.18,04-03-2026
U20260970,Valentina Mamani,Ingeniería Industrial,12.7,11.0,13.6,86.4,18,2269.22,2026-03-12
U20260448,Mateo Mamani,Ingeniería de Sistemas,19.1,,15.6,96.3,18,6413.54,11-03-2026
U20260797,Fernando Quispe,Derecho,12.8,12.6,12.4,87.1,16,1536.51,2026-03-06
U20260766,Jorge Lopez,Administración,15.7,17.0,14.6,96.5,21,-1834.1242570967395,2026-03-13
U20260355,Jorge Sanchez,Administración,19.7,16.7,17.8,98.3,33,5059.3,10/03/2026
U20260126,Sofia Mendoza,Psicología,12.8,15.8,14.2,-15.0,9,6834.15,09/03/2026
U20260894,Sofia Perez,Psicología,10.7,17.5,,,6,7229.64,2026-03-25
U20260518,Luis Quispe,Ingeniería de Sistemas,13.4,10.5,15.1,75.2,19,1555.24,25/03/2026
U20260414,Mateo Lopez,Ingeniería Industrial,12.0,15.7,,-15.0,17,4099.19,2026-03-06
U20260801,Fernando Ramos,Psicología,18.3,6.2,17.7,99.5,15,1950.07,23-03-2026
U20260656,Mateo Ramirez,Ingeniería Industrial,9.4,,10.9,66.1,10,5196.01,18-03-2026
U20260778,Juan Rojas,Derecho,8.8,3.4,12.0,46.2,7,6936.37,20/03/2026
U20260424,Valeria Perez,Ingeniería de Sistemas,8.5,7.2,9.7,41.9,6,5664.23,24/03/2026
U20260826,Elena Torres,Administración,16.0,,19.2,91.7,27,1205.74,17-03-2026
U20260354,Sofia Ramos,Administración,5.6,5.0,9.6,70.0,8,3342.18,2026-03-02
U20260286,Jorge Martinez,Administración,19.4,16.1,15.7,97.6,34,2354.63,09-03-2026
U20260807,Lucas Flores,Derecho,10.1,11.6,15.4,87.9,14,1514.28,21-03-2026
U20260262,Valentina Castro,Derecho,19.4,17.8,17.2,90.9,28,2789.63,13/03/2026
U20260871,Carlos Garcia,Derecho,6.8,9.3,8.3,43.3,9,4833.47,05-03-2026
U20260477,Valentina Lopez,Ingeniería Industrial,19.3,16.3,19.9,98.1,34,,02-03-2026
U20260627,Valeria Ramos,Administración,6.3,7.8,8.1,79.9,6,5712.68,04/03/2026
U20260863,Diego Mamani,Ingeniería Industrial,14.5,13.2,12.5,77.1,16,1824.9,02/03/2026
U20260158,Fernando Castro,Ingeniería Industrial,14.4,15.4,13.1,78.2,16,5080.38,14-03-2026
U20260223,Fernando Vargas,Ingeniería de Sistemas,15.2,15.6,15.1,79.1,14,3282.28,10-03-2026
U20260065,Carlos Rodriguez,Psicología,15.6,12.9,14.2,86.7,9,7144.86,21/03/2026
U20260148,Lucia Rodriguez,Ingeniería Industrial,9.8,8.9,7.8,46.5,3,2391.15,2026-03-18
U20260291,Maria Rojas,Ingeniería de Sistemas,19.5,16.3,14.8,93.7,16,6284.15,14-03-2026
U20260457,Lucas Diaz,Psicología,13.7,12.6,13.8,87.0,11,6898.26,2026-03-23
U20260684,Maria Rojas,Ingeniería de Sistemas,10.1,11.1,14.7,93.2,20,6353.22,02-03-2026
U20260843,Ana Lopez,Psicología,15.9,16.0,12.9,79.3,12,3664.83,05/03/2026
U20260903,Camila Rodriguez,Psicología,8.9,4.9,10.4,43.0,8,2343.05,2026-03-04
U20260827,Carlos Sanchez,Ingeniería Industrial,11.5,10.8,15.9,80.2,14,5822.78,08/03/2026
U20260831,Mateo Ramirez,Psicología,,3.4,7.8,47.1,9,5926.2,02-03-2026
U20260591,Andres Flores,Derecho,14.6,10.9,12.1,79.3,19,6383.91,2026-03-05
U20260509,Mateo Rojas,Ingeniería de Sistemas,19.2,16.0,18.6,91.9,25,1453.17,25-03-2026
U20260373,Valeria Vargas,Administración,4.2,5.9,11.0,67.0,2,1350.99,16-03-2026
U20261000,Camila Mamani,Ingeniería Industrial,16.2,16.8,16.1,95.8,24,1001.42,21-03-2026
U20260225,Mateo Lopez,Administración,15.3,11.3,11.6,89.2,14,6685.98,05/03/2026
U20260555,Camila Chavez,Administración,13.6,13.9,14.4,94.9,12,3267.71,11/03/2026
U20260931,Mateo Ramirez,Derecho,14.9,14.0,11.4,81.5,18,4427.73,2026-03-23
U20260084,Diego Rojas,Psicología,9.2,8.1,9.0,70.6,2,4066.27,15-03-2026
U20260539,Andres Garcia,Ingeniería Industrial,14.0,15.4,13.1,84.7,8,,01/03/2026
U20260965,Lucia Martinez,Derecho,6.7,,7.9,45.0,9,7212.52,06/03/2026
U20260124,Diego Vargas,Ingeniería de Sistemas,4.5,4.8,8.9,64.5,5,2370.02,16/03/2026
U20260229,Valentina Rodriguez,Ingeniería Industrial,10.6,11.6,13.3,79.9,11,1068.2,2026-03-20
U20260179,Gabriela Quispe,Ingeniería Industrial,17.4,19.6,15.4,93.9,21,5314.95,17-03-2026
U20260700,Mateo Ramirez,Ingeniería de Sistemas,10.6,14.5,11.9,82.8,12,3343.74,09/03/2026
U20260580,Jorge Quispe,Ingeniería de Sistemas,8.1,7.3,7.8,74.0,1,3968.63,16/03/2026
U20260364,Maria Vargas,Administración,11.1,13.6,14.2,77.7,8,1954.26,
U20260957,Ana Perez,Derecho,16.9,16.7,16.5,95.1,24,5144.11,12-03-2026
U20260490,Isabella Gomez,Administración,4.0,8.1,8.1,62.4,5,3396.53,08-03-2026
U20260271,Mateo Rodriguez,Administración,11.5,11.4,15.4,84.0,15,5859.92,03/03/2026
U20260422,Maria Mamani,Psicología,15.5,15.2,13.9,77.0,18,3160.94,13-03-2026
U20260215,Juan Diaz,Psicología,14.7,13.5,14.1,91.7,15,4860.81,01/03/2026
U20260257,Elena Quispe,Ingeniería Industrial,7.2,10.2,9.5,49.8,3,3119.96,22/03/2026
U20260657,Luis Rojas,Ingeniería de Sistemas,12.9,11.9,15.8,78.7,17,6762.49,2026-03-08
U20260069,Mateo Rodriguez,Psicología,11.2,12.0,14.2,87.4,10,6586.96,2026-03-12
U20260339,Valentina Lopez,Derecho,11.7,16.0,15.5,86.8,10,2920.51,21/03/2026
U20260303,Fernando Mendoza,Psicología,15.1,13.8,11.4,79.3,20,4628.13,06/03/2026
U20260564,Andres Chavez,Derecho,7.5,4.4,,78.1,3,7248.57,18-03-2026
U20260025,Isabella Perez,Derecho,14.1,13.7,14.4,86.8,16,5347.11,17/03/2026
U20260938,Luis Mendoza,Derecho,17.3,17.3,14.8,91.9,20,7197.11,2026-03-17
U20260052,Sofia Martinez,Administración,16.6,17.1,16.2,90.3,29,2378.72,13/03/2026
U20260715,Carlos Quispe,Administración,19.8,5.2,18.4,90.1,25,,2026-03-09
U20260974,Camila Garcia,Administración,17.8,19.3,16.6,98.0,31,1353.11,17-03-2026
U20260404,Sofia Quispe,Administración,12.6,12.5,14.5,81.4,9,5437.09,13/03/2026
U20260014,Juan Espinoza,Administración,,19.9,19.8,92.7,35,7288.97,03-03-2026
U20260821,Carlos Perez,Ingeniería Industrial,18.7,20.0,14.3,93.9,32,7353.75,2026-03-18
U20260654,Lucia Vargas,Administración,19.3,19.5,14.7,96.6,29,1014.54,2026-03-03
U20260495,Valeria Vargas,Derecho,10.4,8.5,6.7,-15.0,1,6917.19,2026-03-22
U20260066,Maria Mamani,Derecho,11.2,12.2,14.0,82.9,19,3331.71,2026-03-07
U20260500,Lucia Chavez,Ingeniería Industrial,16.5,19.2,18.2,95.9,35,5633.24,
U20260090,Lucas Perez,Derecho,,10.7,,86.8,10,4367.39,06-03-2026
U20260497,Sofia Torres,Derecho,14.1,11.9,15.0,76.9,12,4808.01,14/03/2026
U20260197,Valentina Vargas,Ingeniería de Sistemas,16.0,17.7,16.8,93.6,34,4140.25,09/03/2026
U20260093,Elena Rojas,Ingeniería Industrial,10.9,11.7,15.5,81.1,8,6026.64,04-03-2026
U20260712,Gabriela Castro,Ingeniería de Sistemas,9.9,3.5,8.1,66.0,10,4798.43,2026-03-15
U20260421,Ana Torres,Ingeniería Industrial,14.3,14.7,12.4,93.4,14,2742.76,16-03-2026
U20260361,Fernando Mamani,Ingeniería de Sistemas,6.9,8.2,8.8,43.1,7,6013.47,25/03/2026
U20260769,Jorge Garcia,Ingeniería de Sistemas,10.2,12.8,15.5,93.4,8,7126.97,14/03/2026
U20260430,Lucas Rojas,Ingeniería de Sistemas,15.9,10.6,12.6,89.9,14,,2026-03-04
U20260232,Camila Mendoza,Ingeniería Industrial,19.7,17.3,17.4,92.7,17,1194.74,2026-03-10
U20260893,Lucia Chavez,Psicología,10.7,13.6,12.9,82.5,10,1678.18,07/03/2026
U20260727,Carlos Perez,Psicología,15.3,18.3,14.5,91.0,20,7402.48,01/03/2026
U20260348,Lucas Mamani,Ingeniería de Sistemas,18.6,17.6,17.3,91.2,18,1162.97,12/03/2026
U20260350,Mateo Mendoza,Psicología,8.1,10.4,7.5,50.7,7,4674.82,2026-03-17
U20260630,Diego Rodriguez,Administración,19.6,16.9,17.3,97.5,22,6804.51,21/03/2026
U20260598,Sofia Vargas,Administración,6.2,6.0,8.9,54.7,10,7251.49,2026-03-01
U20260832,Ana Ramirez,Ingeniería Industrial,11.9,13.2,11.3,80.4,10,2581.73,2026-03-06
U20260416,Juan Diaz,Administración,25.0,15.4,12.7,83.2,14,,
U20260170,Sofia Rojas,Administración,7.4,7.3,7.6,40.4,4,1816.18,16/03/2026
U20260603,Luis Quispe,Ingeniería Industrial,18.0,18.0,15.2,93.9,19,1166.9,22-03-2026
U20260177,Lucas Quispe,Psicología,15.9,11.5,12.6,92.9,15,4959.4,2026-03-15
U20260276,Andres Mendoza,Derecho,18.1,17.4,17.6,93.7,27,6370.16,22-03-2026
U20260720,Luis Garcia,Ingeniería de Sistemas,11.4,11.5,15.0,82.2,11,7193.42,2026-03-04
U20260781,Luis Vargas,Administración,12.4,13.2,12.9,93.2,20,1682.01,06-03-2026
U20260756,Luis Vargas,Ingeniería de Sistemas,19.8,9.7,17.7,94.7,32,5763.4,11-03-2026
U20260208,Jose Lopez,Ingeniería de Sistemas,13.1,12.0,13.1,82.6,12,3982.91,14/03/2026
U20260784,Elena Sanchez,Ingeniería Industrial,6.5,9.4,10.1,79.9,7,3904.48,15-03-2026
U20260302,Maria Martinez,Administración,12.8,11.0,15.6,85.2,19,5350.74,19/03/2026
U20260891,Gabriela Sanchez,Ingeniería Industrial,6.9,3.4,6.2,70.5,5,5189.31,13/03/2026
U20260618,Valentina Vargas,Derecho,15.8,15.6,11.3,90.6,15,3001.46,25/03/2026
U20260690,Andres Castro,Ingeniería Industrial,10.2,4.9,6.8,57.0,10,3960.01,2026-03-25
U20260503,Valentina Chavez,Ingeniería de Sistemas,6.4,9.2,6.6,68.5,8,1717.66,18/03/2026
U20260098,Diego Castro,Administración,10.5,3.7,7.0,71.1,5,1233.66,11/03/2026
U20260263,Maria Perez,Psicología,19.7,16.5,14.1,93.3,20,4969.88,20-03-2026
U20260610,Juan Ramos,Derecho,12.5,11.2,,83.8,20,1855.96,2026-03-13
U20260505,Valeria Mendoza,Ingeniería Industrial,12.5,,13.2,83.7,12,2526.72,08/03/2026
U20260372,Valentina Sanchez,Administración,10.4,7.5,7.9,52.3,5,2992.84,07-03-2026
U20260479,Valeria Vargas,Derecho,9.1,10.6,8.5,67.8,7,3969.26,02/03/2026
U20260359,Sofia Lopez,Ingeniería Industrial,8.0,10.2,6.7,77.4,3,4864.31,16-03-2026
U20260133,Sofia Garcia,Administración,14.9,13.8,12.2,86.0,11,4533.71,23/03/2026
U20260221,Lucas Vargas,Ingeniería Industrial,4.8,8.7,11.5,45.8,3,2331.33,2026-03-18
U20260877,Diego Vargas,Administración,17.8,18.7,18.6,96.5,25,7469.86,2026-03-24
U20260387,Mateo Torres,Ingeniería de Sistemas,10.6,13.5,11.6,86.9,13,3690.29,2026-03-17
U20260470,Jorge Ramos,Ingeniería Industrial,11.0,15.0,12.0,91.6,10,3896.42,11/03/2026
U20260081,Jorge Mamani,Administración,16.5,16.3,16.8,97.8,29,1397.83,2026-03-18
U20260716,Carlos Gomez,Ingeniería de Sistemas,4.1,3.8,6.9,60.3,7,3168.14,08/03/2026
U20260198,Luis Mendoza,Derecho,17.2,16.4,19.1,92.7,22,3584.81,19-03-2026
U20260995,Luis Diaz,Ingeniería Industrial,6.6,6.4,7.6,55.0,1,4377.27,20-03-2026
U20260161,Valeria Rodriguez,Administración,5.0,5.0,7.3,53.6,10,2115.05,14/03/2026
U20260073,Jorge Sanchez,Psicología,11.4,12.8,14.5,92.1,15,3196.55,2026-03-20
U20260376,Elena Garcia,Administración,10.6,10.1,10.2,59.2,3,4767.17,08/03/2026
U20260535,Valentina Quispe,Ingeniería de Sistemas,8.5,,7.9,67.3,10,3018.38,22/03/2026
U20260786,Gabriela Garcia,Administración,6.8,6.6,8.5,50.5,7,,2026-03-25
U20260575,Maria Quispe,Psicología,-5.0,17.0,14.2,92.4,20,7085.06,13/03/2026
U20260034,Diego Flores,Ingeniería de Sistemas,16.2,17.4,14.9,94.0,22,5190.76,12/03/2026
U20260873,Mateo Sanchez,Ingeniería Industrial,4.2,10.3,6.7,-15.0,8,6009.48,2026-03-04
U20260546,Jorge Sanchez,Derecho,8.2,,11.0,63.6,8,1812.85,2026-03-01
U20260446,Jorge Torres,Psicología,10.8,3.7,7.4,56.7,2,2737.73,2026-03-12
U20260702,Jorge Diaz,Administración,18.2,17.4,19.0,96.6,31,5499.82,17/03/2026
U20260574,Andres Mendoza,Ingeniería de Sistemas,10.2,3.4,6.2,45.3,1,2766.88,10-03-2026
U20260532,Valentina Lopez,Ingeniería de Sistemas,11.9,12.9,15.7,,16,4613.52,21-03-2026
U20260811,Maria Perez,Ingeniería de Sistemas,14.6,15.6,14.9,76.6,13,2234.47,19-03-2026
U20260568,Jorge Garcia,Ingeniería de Sistemas,19.5,16.2,14.9,92.2,22,4616.3,11-03-2026
U20260393,Gabriela Ramirez,Administración,5.9,3.1,11.0,77.4,1,5144.12,03-03-2026
U20260910,Carlos Mendoza,Ingeniería Industrial,18.7,19.0,19.4,120.0,22,,2026-03-02
U20260706,Carlos Rojas,Ingeniería Industrial,13.1,11.6,,90.7,20,6623.0,02-03-2026
U20260476,Ana Torres,Administración,-5.0,14.7,13.6,81.2,18,5779.61,24/03/2026
U20260583,Carlos Perez,Ingeniería Industrial,13.0,13.5,11.2,77.4,19,3598.5,09-03-2026
U20260134,Valeria Flores,Psicología,,12.7,15.7,90.7,18,3983.51,05-03-2026
U20260501,Luis Martinez,Ingeniería Industrial,16.6,18.3,14.9,-15.0,32,1788.16,01/03/2026
U20260844,Sofia Espinoza,Ingeniería de Sistemas,19.3,19.9,19.2,,17,2144.97,2026-03-24
U20260671,Valeria Diaz,Ingeniería Industrial,7.7,5.4,9.6,76.1,9,2529.65,2026-03-13
U20260086,Ana Gomez,Derecho,13.6,15.4,13.1,77.9,9,4951.74,2026-03-19
U20260296,Elena Castro,Ingeniería Industrial,10.8,10.5,12.0,62.5,7,6788.87,01/03/2026
U20260474,Mateo Rojas,Psicología,25.0,7.4,7.6,78.1,1,4333.58,24-03-2026
U20260382,Camila Perez,Psicología,9.5,3.5,8.7,,9,4684.07,2026-03-15
U20260241,Mateo Chavez,Psicología,10.8,9.7,6.4,46.3,7,6368.68,23-03-2026
U20260165,Carlos Vargas,Administración,13.9,10.9,14.8,82.0,11,6675.51,16/03/2026
U20260613,Lucas Perez,Derecho,19.9,19.1,14.7,97.1,27,-1179.165009453095,10-03-2026
U20260099,Lucas Mamani,Ingeniería de Sistemas,6.5,8.1,8.8,70.5,3,6668.37,2026-03-05
U20260139,Isabella Vargas,Ingeniería Industrial,10.8,13.2,12.5,78.7,18,5676.83,07-03-2026
U20260412,Isabella Chavez,Ingeniería Industrial,18.1,16.6,19.4,94.1,32,4843.21,23/03/2026
U20260782,Ana Chavez,Ingeniería de Sistemas,19.8,17.0,17.9,96.5,17,6506.16,22-03-2026
U20260383,Juan Rojas,Ingeniería Industrial,12.0,12.2,11.6,85.6,12,4846.36,02-03-2026
U20260703,Valentina Garcia,Derecho,12.1,10.6,11.1,83.0,19,4378.27,18-03-2026
U20260869,Sofia Quispe,Ingeniería Industrial,19.0,19.2,16.1,94.2,21,-1947.5948307890962,13/03/2026
U20260954,Maria Perez,Psicología,16.5,17.1,17.4,96.4,27,7262.26,22/03/2026
U20260699,Valentina Rojas,Ingeniería de Sistemas,19.7,19.9,19.2,91.6,25,1628.57,16/03/2026
U20260641,Juan Garcia,Ingeniería Industrial,12.4,15.2,12.0,83.0,10,6413.08,2026-03-14
U20260356,Lucia Lopez,Psicología,10.5,10.7,9.1,57.4,3,5624.41,21/03/2026
U20260152,Juan Rojas,Derecho,8.6,3.4,7.4,58.6,10,3942.54,08/03/2026
U20260298,Isabella Castro,Ingeniería de Sistemas,14.8,13.8,12.6,87.6,20,956.54,2026-03-09
U20260816,Isabella Quispe,Psicología,5.1,8.6,11.2,73.9,8,4443.65,2026-03-04
U20260516,Sofia Gomez,Psicología,12.2,11.1,11.1,78.1,16,5880.3,05-03-2026
U20260216,Luis Rojas,Psicología,11.4,11.9,11.3,89.3,16,-1606.8728408860457,05/03/2026
U20260202,Jorge Chavez,Ingeniería Industrial,8.0,4.7,9.5,79.1,8,6316.52,
U20260980,Valentina Perez,Ingeniería de Sistemas,,10.9,16.0,92.4,12,1804.9,20-03-2026
U20260117,Andres Lopez,Ingeniería de Sistemas,19.7,19.5,15.4,98.8,32,2531.52,
U20260878,Maria Chavez,Administración,10.7,14.5,14.5,80.6,15,-1799.5151933921604,01-03-2026
U20260714,Diego Chavez,Psicología,6.1,16.2,6.8,58.4,10,1090.57,15/03/2026
U20260055,Luis Garcia,Psicología,11.2,15.9,15.4,,14,,2026-03-10
U20260790,Luis Mamani,Derecho,19.2,16.8,15.3,97.6,23,3092.29,21/03/2026
U20260695,Juan Torres,Psicología,5.9,6.1,7.6,42.1,1,3534.47,11-03-2026
U20260085,Lucas Mamani,Psicología,19.2,16.9,19.4,94.4,29,6213.33,2026-03-16
U20260708,Maria Ramos,Administración,4.8,4.0,11.7,73.0,4,7375.29,25-03-2026
U20260692,Elena Garcia,Ingeniería Industrial,17.1,19.3,14.2,99.7,22,,2026-03-01
U20260425,Juan Rodriguez,Psicología,17.5,17.1,19.9,95.7,23,6935.32,06/03/2026
U20260517,Maria Ramirez,Administración,9.2,5.3,7.2,45.6,9,1447.53,2026-03-20
U20260381,Jorge Ramos,Psicología,10.5,3.4,7.7,52.8,6,4166.93,2026-03-23
U20260726,Isabella Ramos,Psicología,16.3,18.0,19.6,99.2,34,3059.92,05/03/2026
U20260447,Sofia Sanchez,Ingeniería de Sistemas,15.6,16.8,18.0,90.1,35,5637.72,15-03-2026
U20260582,Mateo Gomez,Ingeniería de Sistemas,5.9,9.5,6.2,66.6,3,3787.34,13/03/2026
U20260895,Jose Lopez,Ingeniería Industrial,6.1,3.6,6.8,44.7,5,7023.98,11/03/2026
U20260195,Jorge Gomez,Ingeniería de Sistemas,13.0,15.6,,93.0,11,2395.09,11-03-2026
U20260288,Mateo Rodriguez,Derecho,13.5,15.0,13.5,89.3,16,1614.92,06/03/2026
U20260239,Isabella Sanchez,Ingeniería Industrial,15.8,,15.8,97.4,21,,2026-03-20
U20260966,Valentina Ramirez,Administración,16.2,17.6,19.4,93.4,23,3778.75,03/03/2026
U20260658,Valentina Chavez,Derecho,14.2,12.7,14.9,77.8,8,7371.25,2026-03-16
U20260600,Jorge Ramirez,Psicología,14.2,13.5,11.1,87.0,9,2669.51,2026-03-09
U20260072,Maria Perez,Ingeniería Industrial,10.1,5.1,7.9,58.8,10,4197.3,2026-03-16
U20260731,Fernando Perez,Administración,17.0,7.9,18.6,98.8,31,7261.88,20-03-2026
U20260367,Andres Perez,Administración,10.7,13.3,11.6,82.5,14,6758.15,19-03-2026
U20260934,Luis Vargas,Derecho,12.9,,12.0,79.2,9,2700.15,
U20260378,Valentina Torres,Psicología,13.7,11.0,13.2,81.2,18,2223.81,09/03/2026
U20260578,Jorge Lopez,Ingeniería de Sistemas,6.1,6.4,7.2,53.6,3,954.5,2026-03-23
U20260266,Sofia Gomez,Derecho,13.3,12.3,15.2,81.3,20,6241.21,17/03/2026
U20260645,Valeria Sanchez,Ingeniería Industrial,19.8,17.1,19.8,95.0,32,6282.4,05/03/2026
U20260163,Lucas Sanchez,Derecho,17.6,18.3,15.9,97.4,20,6628.26,02/03/2026
U20260759,Sofia Diaz,Ingeniería Industrial,11.3,10.0,11.2,91.4,9,5992.69,2026-03-05
U20260725,Valentina Mamani,Ingeniería Industrial,18.6,19.5,17.9,97.7,23,3477.81,2026-03-06
U20260801,Fernando Ramos,Psicología,18.3,,17.7,99.5,15,1950.07,23-03-2026
U20260880,Jose Rodriguez,Administración,6.9,9.3,6.5,51.9,3,2019.52,
U20260536,Lucia Vargas,Administración,15.4,15.8,12.9,84.1,18,1045.68,22-03-2026
U20260347,Andres Torres,Ingeniería de Sistemas,14.5,12.6,15.8,94.4,9,4968.5,09-03-2026
U20260166,Elena Ramirez,Ingeniería de Sistemas,6.6,9.7,9.3,49.6,3,7283.26,02/03/2026
U20260673,Fernando Ramirez,Administración,16.4,19.7,14.4,99.4,16,3324.55,18-03-2026
U20260199,Jorge Gomez,Ingeniería de Sistemas,16.1,16.5,14.3,,35,7251.3,02-03-2026
U20260554,Lucas Martinez,Ingeniería de Sistemas,10.7,6.6,7.7,44.9,5,1306.36,2026-03-10
U20260683,Ana Vargas,Ingeniería Industrial,4.1,8.8,7.3,62.3,3,-1533.58642573886,20-03-2026
U20260679,Camila Mamani,Derecho,15.3,12.9,13.1,75.4,18,-1519.963470407769,25/03/2026
U20260135,Lucas Perez,Administración,10.2,9.5,,47.0,7,2783.42,2026-03-19
U20260363,Ana Mendoza,Psicología,12.9,11.3,12.0,80.0,15,,07-03-2026
U20260450,Lucia Chavez,Derecho,17.8,17.1,15.4,120.0,16,5559.59,23/03/2026
U20260335,Carlos Ramos,Ingeniería Industrial,14.1,12.1,12.0,86.6,15,1702.98,2026-03-22
U20260305,Maria Mendoza,Administración,17.9,18.7,19.9,99.3,22,1836.02,2026-03-08
U20260506,Andres Rodriguez,Ingeniería Industrial,10.5,6.5,6.9,75.5,9,3260.39,06/03/2026
U20260007,Luis Diaz,Administración,10.4,10.8,13.6,76.8,16,2527.22,02/03/2026
U20260123,Jose Vargas,Derecho,5.6,5.4,9.2,79.4,5,4911.81,2026-03-11
U20260468,Lucas Flores,Psicología,10.8,4.4,11.2,41.6,8,6758.98,15/03/2026
U20260534,Luis Ramirez,Ingeniería Industrial,11.6,12.4,13.3,87.9,20,3240.61,2026-03-22
U20260915,Maria Gomez,Administración,16.3,17.2,18.4,93.4,17,6267.93,19/03/2026
U20260313,Diego Mamani,Administración,9.2,6.1,8.5,69.6,2,7127.09,21/03/2026
U20260015,Ana Gomez,Derecho,5.1,7.2,7.1,79.7,1,5334.54,24-03-2026
U20260460,Diego Lopez,Administración,10.0,8.7,8.0,63.9,8,6257.82,02/03/2026
U20260013,Lucia Sanchez,Ingeniería Industrial,18.0,18.9,14.2,91.5,32,3056.11,2026-03-08
U20260100,Jose Castro,Psicología,16.0,18.9,16.8,94.2,27,4314.17,2026-03-25
U20260872,Lucas Sanchez,Ingeniería Industrial,15.9,10.7,12.0,87.6,17,3545.69,2026-03-09
U20260776,Jorge Rojas,Psicología,10.8,7.4,7.5,77.9,10,,22-03-2026
U20260646,Valeria Ramirez,Administración,17.2,18.7,14.4,96.5,32,,2026-03-10
U20260494,Fernando Garcia,Psicología,19.1,18.9,14.2,97.8,29,1532.68,04/03/2026
U20260651,Sofia Martinez,Administración,,7.4,7.1,,4,5219.87,2026-03-04
U20260777,Maria Martinez,Ingeniería Industrial,11.5,15.3,11.6,89.7,15,3187.91,08-03-2026
U20260162,Carlos Martinez,Psicología,4.5,5.9,7.0,72.8,2,4776.41,2026-03-18
U20260209,Jose Espinoza,Ingeniería Industrial,10.0,10.2,12.6,94.5,17,6460.86,2026-03-15
U20260023,Ana Quispe,Derecho,11.4,12.4,12.9,85.7,15,2822.68,23-03-2026
U20260550,Sofia Vargas,Derecho,15.6,16.7,19.9,99.1,32,1261.45,13/03/2026
U20260247,Lucas Vargas,Administración,19.2,17.1,16.6,91.1,16,6170.7,05/03/2026
U20260496,Andres Gomez,Administración,12.5,13.1,15.6,,14,2335.6,02-03-2026
U20260609,Diego Martinez,Administración,15.3,13.0,12.1,84.9,18,4708.78,2026-03-01
U20260138,Diego Sanchez,Psicología,12.6,15.3,12.5,86.9,18,2560.93,13-03-2026
U20260935,Diego Vargas,Ingeniería Industrial,15.7,16.4,15.2,91.9,30,5758.05,01-03-2026
U20260462,Jorge Gomez,Psicología,6.4,5.8,10.4,75.0,3,7197.14,12-03-2026
U20260458,Gabriela Rodriguez,Ingeniería Industrial,15.5,15.7,15.5,94.7,10,4989.89,2026-03-02
U20260592,Maria Mamani,Ingeniería Industrial,15.8,16.1,15.7,90.1,31,1683.45,18/03/2026
U20260253,Ana Martinez,Psicología,10.7,10.5,6.5,49.3,10,5413.79,03/03/2026
U20260636,Isabella Mamani,Administración,7.3,8.5,6.5,75.6,4,4864.72,01-03-2026
U20260343,Elena Mamani,Psicología,15.4,12.9,13.4,86.2,14,2365.48,05/03/2026
U20260747,Carlos Ramos,Ingeniería de Sistemas,15.3,16.9,16.6,93.1,17,3166.25,2026-03-17
U20260802,Isabella Ramirez,Ingeniería de Sistemas,16.4,19.8,17.7,90.1,19,4190.54,06/03/2026
U20260748,Mateo Flores,Psicología,,16.4,19.7,98.8,24,2630.62,2026-03-17
U20260473,Valeria Espinoza,Administración,7.6,3.6,,,3,6001.63,22/03/2026
U20260192,Lucia Ramos,Ingeniería Industrial,-5.0,19.8,18.8,90.6,22,6336.41,2026-03-03
U20260047,Jorge Ramirez,Administración,15.5,16.0,11.6,94.7,12,6327.25,25-03-2026
U20260480,Lucas Perez,Administración,15.0,10.5,14.4,77.8,14,1356.39,01-03-2026
U20260357,Fernando Garcia,Psicología,8.2,7.4,10.3,64.5,7,,2026-03-24
U20260491,Jorge Garcia,Psicología,11.8,,12.5,88.4,18,2092.46,17-03-2026
U20260803,Camila Ramos,Ingeniería de Sistemas,,14.4,15.8,82.1,15,4245.35,2026-03-12
U20260774,Sofia Sanchez,Ingeniería Industrial,5.2,5.2,6.7,48.6,1,6410.83,09/03/2026
U20260896,Luis Garcia,Administración,15.1,15.1,12.9,93.2,11,1128.33,22/03/2026
U20260691,Juan Torres,Ingeniería de Sistemas,12.7,12.3,14.1,94.4,18,6790.0,13/03/2026
U20260435,Lucia Diaz,Ingeniería de Sistemas,10.8,10.1,13.4,75.0,16,1992.47,08/03/2026
U20260717,Ana Espinoza,Ingeniería Industrial,10.5,,12.0,80.4,18,,02-03-2026
U20260565,Jorge Flores,Ingeniería de Sistemas,4.6,10.1,8.2,43.0,8,7099.88,18-03-2026
U20260932,Maria Perez,Derecho,19.2,18.5,20.0,99.0,16,,25/03/2026
U20260512,Gabriela Espinoza,Ingeniería Industrial,18.0,17.8,15.5,98.2,20,1191.94,10/03/2026
U20260196,Isabella Mamani,Ingeniería de Sistemas,5.9,8.4,10.9,42.5,7,5203.12,2026-03-12
U20260110,Luis Martinez,Psicología,4.1,6.2,11.7,72.2,4,3386.41,04/03/2026
U20260968,Gabriela Garcia,Administración,5.1,4.7,8.6,63.6,9,3083.96,13-03-2026
U20260345,Juan Espinoza,Administración,6.0,7.1,10.5,78.6,8,6374.22,2026-03-02
U20260775,Elena Diaz,Psicología,9.6,3.1,11.9,54.1,2,6004.96,25-03-2026
U20260077,Valeria Lopez,Administración,10.3,6.5,7.9,74.4,9,4354.05,2026-03-12
U20260384,Andres Flores,Derecho,9.5,6.5,7.8,79.7,3,5064.23,2026-03-02
